1, 4, 1.921640157699585, 1, 1 
1, 4, 1.8553558588027954, 1, 1 
1, 4, 1.7964513301849365, 1, 1 
1, 4, 1.7386771440505981, 1, 1 
1, 4, 1.6789015531539917, 1, 1 
1, 4, 1.613008975982666, 1, 1 
1, 4, 1.5429811477661133, 1, 1 
1, 4, 1.4659942388534546, 1, 1 
1, 4, 1.3815841674804688, 1, 1 
1, 4, 1.2928051948547363, 1, 1 
1, 4, 1.1994917392730713, 1, 1 
1, 4, 1.101770043373108, 1, 1 
1, 4, 1.0013562440872192, 1, 1 
1, 4, 0.8979637026786804, 1, 1 
1, 4, 0.786590576171875, 1, 1 
1, 4, 0.6698929071426392, 1, 1 
1, 4, 0.5609399676322937, 1, 1 
1, 4, 0.46928390860557556, 1, 1 
1, 4, 0.3919067680835724, 1, 1 
1, 4, 0.32492053508758545, 1, 1 
1, 4, 0.28260108828544617, 1, 1 
1, 4, 0.27232006192207336, 1, 1 
1, 4, 0.25713855028152466, 1, 1 
1, 4, 0.2313082367181778, 1, 1 
1, 4, 0.2059672474861145, 1, 1 
1, 4, 0.17400798201560974, 1, 1 
1, 4, 0.14649319648742676, 1, 1 
1, 4, 0.13119910657405853, 1, 1 
1, 4, 0.11613210290670395, 1, 1 
1, 4, 0.10428264737129211, 1, 1 
1, 4, 0.09765733778476715, 1, 1 
1, 4, 0.08707958459854126, 1, 1 
1, 4, 0.07786794751882553, 1, 1 
1, 4, 0.07031755894422531, 1, 1 
1, 4, 0.06074508652091026, 1, 1 
1, 4, 0.05566631630063057, 1, 1 
1, 4, 0.0531378835439682, 1, 1 
1, 4, 0.05163635313510895, 1, 1 
1, 4, 0.05303608253598213, 1, 1 
1, 4, 0.0504680834710598, 1, 1 
1, 4, 0.04685114696621895, 1, 1 
1, 4, 0.039452437311410904, 1, 1 
1, 4, 0.03120759315788746, 1, 1 
1, 4, 0.024393750354647636, 1, 1 
1, 4, 0.01888803392648697, 1, 1 
1, 4, 0.01712522841989994, 1, 1 
1, 4, 0.015899406746029854, 1, 1 
1, 4, 0.016574500128626823, 1, 1 
1, 4, 0.016105610877275467, 1, 1 
1, 4, 0.015427317470312119, 1, 1 
1, 4, 0.013677934184670448, 1, 1 
1, 4, 0.011729353107511997, 1, 1 
1, 4, 0.010015240870416164, 1, 1 
1, 4, 0.008576931431889534, 1, 1 
1, 4, 0.007889471016824245, 1, 1 
1, 4, 0.006996224168688059, 1, 1 
1, 4, 0.006362449377775192, 1, 1 
1, 4, 0.005209909752011299, 1, 1 
1, 4, 0.004442125093191862, 1, 1 
1, 4, 0.003619376802816987, 1, 1 
1, 4, 0.00343781104311347, 1, 1 
1, 4, 0.0032355424482375383, 1, 1 
1, 4, 0.0033312460873275995, 1, 1 
1, 4, 0.003066714620217681, 1, 1 
1, 4, 0.0027808041777461767, 1, 1 
1, 4, 0.0022086794488132, 1, 1 
1, 4, 0.001791707007214427, 1, 1 
1, 4, 0.0014558736002072692, 1, 1 
1, 4, 0.001399051514454186, 1, 1 
1, 4, 0.001458637067116797, 1, 1 
1, 4, 0.0015055823605507612, 1, 1 
1, 4, 0.001494301832281053, 1, 1 
1, 4, 0.001294430228881538, 1, 1 
1, 4, 0.0010911345016211271, 1, 1 
1, 4, 0.0008070448529906571, 1, 1 
1, 4, 0.0006711668684147298, 1, 1 
1, 4, 0.0005350001738406718, 1, 1 
1, 4, 0.0005126029718667269, 1, 1 
1, 4, 0.000454914930742234, 1, 1 
1, 4, 0.0004238211258780211, 1, 1 
1, 4, 0.0003848359046969563, 1, 1 
1, 4, 0.0003613719018176198, 1, 1 
1, 4, 0.00037900268216617405, 1, 1 
1, 4, 0.00038256446714513004, 1, 1 
1, 4, 0.00040190055733546615, 1, 1 
1, 4, 0.00035876213223673403, 1, 1 
1, 4, 0.00030834120116196573, 1, 1 
1, 4, 0.00022853727568872273, 1, 1 
1, 4, 0.00016962796507868916, 1, 1 
1, 4, 0.00013793758989777416, 1, 1 
1, 4, 0.00011691763938870281, 1, 1 
1, 4, 0.00012046540359733626, 1, 1 
1, 4, 0.00010954843310173601, 1, 1 
1, 4, 0.00010486796236364171, 1, 1 
1, 4, 8.859304216457531e-05, 1, 1 
1, 4, 7.770665251882747e-05, 1, 1 
1, 4, 7.636715599801391e-05, 1, 1 
1, 4, 7.361901953117922e-05, 1, 1 
1, 4, 7.785599154885858e-05, 1, 1 
1, 4, 7.038449257379398e-05, 1, 1 
2, 4, 0.22766952216625214, 2, 1 
2, 4, 0.20952053368091583, 2, 1 
2, 4, 0.15793263912200928, 2, 1 
2, 4, 0.101481132209301, 2, 1 
2, 4, 0.1125122457742691, 2, 1 
2, 4, 0.11152548342943192, 2, 1 
2, 4, 0.0830949991941452, 2, 1 
2, 4, 0.07579665631055832, 2, 1 
2, 4, 0.08101797103881836, 2, 1 
2, 4, 0.06850241124629974, 2, 1 
2, 4, 0.053331583738327026, 2, 1 
2, 4, 0.052671633660793304, 2, 1 
2, 4, 0.05576850473880768, 2, 1 
2, 4, 0.04907223582267761, 2, 1 
2, 4, 0.03943563997745514, 2, 1 
2, 4, 0.037722595036029816, 2, 1 
2, 4, 0.039966434240341187, 2, 1 
2, 4, 0.03608127683401108, 2, 1 
2, 4, 0.029540350660681725, 2, 1 
2, 4, 0.028335588052868843, 2, 1 
2, 4, 0.02936660684645176, 2, 1 
2, 4, 0.02615945227444172, 2, 1 
2, 4, 0.02231770008802414, 2, 1 
2, 4, 0.02266385592520237, 2, 1 
2, 4, 0.023273609578609467, 2, 1 
2, 4, 0.020174270495772362, 2, 1 
2, 4, 0.016933510079979897, 2, 1 
2, 4, 0.01668364740908146, 2, 1 
2, 4, 0.016431240364909172, 2, 1 
2, 4, 0.014405435882508755, 2, 1 
2, 4, 0.013371186330914497, 2, 1 
2, 4, 0.013874099589884281, 2, 1 
2, 4, 0.013009014539420605, 2, 1 
2, 4, 0.011001595295965672, 2, 1 
2, 4, 0.010407163761556149, 2, 1 
2, 4, 0.010521871969103813, 2, 1 
2, 4, 0.009585208259522915, 2, 1 
2, 4, 0.008763696067035198, 2, 1 
2, 4, 0.008958747610449791, 2, 1 
2, 4, 0.008677959442138672, 2, 1 
2, 4, 0.007789294701069593, 2, 1 
2, 4, 0.007626436185091734, 2, 1 
2, 4, 0.007605848368257284, 2, 1 
2, 4, 0.006860608700662851, 2, 1 
2, 4, 0.006375594530254602, 2, 1 
2, 4, 0.00637104082852602, 2, 1 
2, 4, 0.005959313362836838, 2, 1 
2, 4, 0.005488093476742506, 2, 1 
2, 4, 0.005424205679446459, 2, 1 
2, 4, 0.0051378789357841015, 2, 1 
2, 4, 0.004683265928179026, 2, 1 
2, 4, 0.0046053072437644005, 2, 1 
2, 4, 0.0045050811022520065, 2, 1 
2, 4, 0.004165118094533682, 2, 1 
2, 4, 0.004016788676381111, 2, 1 
2, 4, 0.00387450959533453, 2, 1 
2, 4, 0.003571696113795042, 2, 1 
2, 4, 0.0034550996497273445, 2, 1 
2, 4, 0.00339288217946887, 2, 1 
2, 4, 0.0031808274798095226, 2, 1 
2, 4, 0.0030667672399431467, 2, 1 
2, 4, 0.0029862723313272, 2, 1 
2, 4, 0.002798194997012615, 2, 1 
2, 4, 0.00270373304374516, 2, 1 
2, 4, 0.0026231289375573397, 2, 1 
2, 4, 0.0024659279733896255, 2, 1 
2, 4, 0.0023915288038551807, 2, 1 
2, 4, 0.0023211727384477854, 2, 1 
2, 4, 0.002197063062340021, 2, 1 
2, 4, 0.0021377529483288527, 2, 1 
2, 4, 0.002065344713628292, 2, 1 
2, 4, 0.0019719814881682396, 2, 1 
2, 4, 0.0019293030491098762, 2, 1 
2, 4, 0.0018526413477957249, 2, 1 
2, 4, 0.0017638001590967178, 2, 1 
2, 4, 0.0017139522824436426, 2, 1 
2, 4, 0.0016410957323387265, 2, 1 
2, 4, 0.001582950004376471, 2, 1 
2, 4, 0.0015356788644567132, 2, 1 
2, 4, 0.0014648744836449623, 2, 1 
2, 4, 0.0014178723795339465, 2, 1 
2, 4, 0.0013695094967260957, 2, 1 
2, 4, 0.0013125932309776545, 2, 1 
2, 4, 0.0012709141010418534, 2, 1 
2, 4, 0.001217466313391924, 2, 1 
2, 4, 0.0011713451240211725, 2, 1 
2, 4, 0.0011337295873090625, 2, 1 
2, 4, 0.001087851356714964, 2, 1 
2, 4, 0.0010504076490178704, 2, 1 
2, 4, 0.0010121570667251945, 2, 1 
2, 4, 0.0009737662621773779, 2, 1 
2, 4, 0.0009437049739062786, 2, 1 
2, 4, 0.0009051801753230393, 2, 1 
2, 4, 0.0008718291064724326, 2, 1 
2, 4, 0.0008406142587773502, 2, 1 
2, 4, 0.0008070714538916945, 2, 1 
2, 4, 0.0007803128100931644, 2, 1 
2, 4, 0.0007501413929276168, 2, 1 
2, 4, 0.0007231749477796257, 2, 1 
2, 4, 0.0006986904190853238, 2, 1 
3, 4, 0.0734589472413063, 3, 1 
3, 4, 0.10515148192644119, 3, 1 
3, 4, 0.08649540692567825, 3, 1 
3, 4, 0.07952992618083954, 3, 1 
3, 4, 0.047587085515260696, 3, 1 
3, 4, 0.06548997014760971, 3, 1 
3, 4, 0.06810054928064346, 3, 1 
3, 4, 0.04562424495816231, 3, 1 
3, 4, 0.04191863536834717, 3, 1 
3, 4, 0.046422768384218216, 3, 1 
3, 4, 0.04114405810832977, 3, 1 
3, 4, 0.036912016570568085, 3, 1 
3, 4, 0.04025936499238014, 3, 1 
3, 4, 0.040810905396938324, 3, 1 
3, 4, 0.033444568514823914, 3, 1 
3, 4, 0.027375323697924614, 3, 1 
3, 4, 0.0291984174400568, 3, 1 
3, 4, 0.031676508486270905, 3, 1 
3, 4, 0.028732633218169212, 3, 1 
3, 4, 0.025827186182141304, 3, 1 
3, 4, 0.02576395682990551, 3, 1 
3, 4, 0.02424526959657669, 3, 1 
3, 4, 0.02135406993329525, 3, 1 
3, 4, 0.021165242418646812, 3, 1 
3, 4, 0.022593727335333824, 3, 1 
3, 4, 0.021402256563305855, 3, 1 
3, 4, 0.018485071137547493, 3, 1 
3, 4, 0.017449699342250824, 3, 1 
3, 4, 0.017601769417524338, 3, 1 
3, 4, 0.01660521887242794, 3, 1 
3, 4, 0.015754474326968193, 3, 1 
3, 4, 0.015920259058475494, 3, 1 
3, 4, 0.014927580952644348, 3, 1 
3, 4, 0.013168740086257458, 3, 1 
3, 4, 0.012853083200752735, 3, 1 
3, 4, 0.013060934841632843, 3, 1 
3, 4, 0.012237275950610638, 3, 1 
3, 4, 0.011429502628743649, 3, 1 
3, 4, 0.011155671440064907, 3, 1 
3, 4, 0.01037343218922615, 3, 1 
3, 4, 0.009641628712415695, 3, 1 
3, 4, 0.009685330092906952, 3, 1 
3, 4, 0.009317640215158463, 3, 1 
3, 4, 0.00848347693681717, 3, 1 
3, 4, 0.00819568894803524, 3, 1 
3, 4, 0.007917084731161594, 3, 1 
3, 4, 0.007418795023113489, 3, 1 
3, 4, 0.0072401356883347034, 3, 1 
3, 4, 0.0069210403598845005, 3, 1 
3, 4, 0.006338281091302633, 3, 1 
3, 4, 0.006145495921373367, 3, 1 
3, 4, 0.005926730111241341, 3, 1 
3, 4, 0.005523123312741518, 3, 1 
3, 4, 0.005330947693437338, 3, 1 
3, 4, 0.00502350926399231, 3, 1 
3, 4, 0.004702724516391754, 3, 1 
3, 4, 0.004563803784549236, 3, 1 
3, 4, 0.004296315833926201, 3, 1 
3, 4, 0.0040250360034406185, 3, 1 
3, 4, 0.0038682417944073677, 3, 1 
3, 4, 0.0036280525382608175, 3, 1 
3, 4, 0.0034606459084898233, 3, 1 
3, 4, 0.003316108137369156, 3, 1 
3, 4, 0.003083175281062722, 3, 1 
3, 4, 0.0029471544548869133, 3, 1 
3, 4, 0.0027960706502199173, 3, 1 
3, 4, 0.0026281028985977173, 3, 1 
3, 4, 0.002509673358872533, 3, 1 
3, 4, 0.0023401181679219007, 3, 1 
3, 4, 0.0022162282839417458, 3, 1 
3, 4, 0.0021051608491688967, 3, 1 
3, 4, 0.001968296943232417, 3, 1 
3, 4, 0.0018699561478570104, 3, 1 
3, 4, 0.001751708216033876, 3, 1 
3, 4, 0.0016543050296604633, 3, 1 
3, 4, 0.001569987740367651, 3, 1 
3, 4, 0.001465332112275064, 3, 1 
3, 4, 0.0013876808807253838, 3, 1 
3, 4, 0.0013011627597734332, 3, 1 
3, 4, 0.0012262604432180524, 3, 1 
3, 4, 0.0011581785511225462, 3, 1 
3, 4, 0.0010806352365761995, 3, 1 
3, 4, 0.0010219296673312783, 3, 1 
3, 4, 0.0009558632154949009, 3, 1 
3, 4, 0.0009019215940497816, 3, 1 
3, 4, 0.0008475386421196163, 3, 1 
3, 4, 0.0007939593051560223, 3, 1 
3, 4, 0.0007487519760616124, 3, 1 
3, 4, 0.0006999734905548394, 3, 1 
3, 4, 0.0006612046272493899, 3, 1 
3, 4, 0.00061788473976776, 3, 1 
3, 4, 0.000581724860239774, 3, 1 
3, 4, 0.0005460783140733838, 3, 1 
3, 4, 0.0005127154290676117, 3, 1 
3, 4, 0.0004829535901080817, 3, 1 
3, 4, 0.0004524058604147285, 3, 1 
3, 4, 0.00042757202754728496, 3, 1 
3, 4, 0.0004010692937299609, 3, 1 
3, 4, 0.0003788209578488022, 3, 1 
3, 4, 0.0003553964488673955, 3, 1 
4, 4, 0.047961387783288956, 4, 1 
4, 4, 0.16247588396072388, 4, 1 
4, 4, 0.04578768089413643, 4, 1 
4, 4, 0.10745127499103546, 4, 1 
4, 4, 0.10465867817401886, 4, 1 
4, 4, 0.05144809931516647, 4, 1 
4, 4, 0.036903925240039825, 4, 1 
4, 4, 0.06355645507574081, 4, 1 
4, 4, 0.07401446253061295, 4, 1 
4, 4, 0.053675904870033264, 4, 1 
4, 4, 0.032922737300395966, 4, 1 
4, 4, 0.032934147864580154, 4, 1 
4, 4, 0.045180246233940125, 4, 1 
4, 4, 0.04907901585102081, 4, 1 
4, 4, 0.03960010036826134, 4, 1 
4, 4, 0.028053920716047287, 4, 1 
4, 4, 0.02527535706758499, 4, 1 
4, 4, 0.030434509739279747, 4, 1 
4, 4, 0.03411904722452164, 4, 1 
4, 4, 0.030290380120277405, 4, 1 
4, 4, 0.022644629701972008, 4, 1 
4, 4, 0.01906476728618145, 4, 1 
4, 4, 0.021660881116986275, 4, 1 
4, 4, 0.024720894172787666, 4, 1 
4, 4, 0.022891810163855553, 4, 1 
4, 4, 0.017894979566335678, 4, 1 
4, 4, 0.015148918144404888, 4, 1 
4, 4, 0.016381867229938507, 4, 1 
4, 4, 0.01816573739051819, 4, 1 
4, 4, 0.01708374172449112, 4, 1 
4, 4, 0.013932803645730019, 4, 1 
4, 4, 0.012047613970935345, 4, 1 
4, 4, 0.012710584327578545, 4, 1 
4, 4, 0.01366619672626257, 4, 1 
4, 4, 0.012633997946977615, 4, 1 
4, 4, 0.010500339791178703, 4, 1 
4, 4, 0.009599447250366211, 4, 1 
4, 4, 0.010185401886701584, 4, 1 
4, 4, 0.010404341854155064, 4, 1 
4, 4, 0.009268950670957565, 4, 1 
4, 4, 0.007940822280943394, 4, 1 
4, 4, 0.007712509483098984, 4, 1 
4, 4, 0.008089425973594189, 4, 1 
4, 4, 0.007787088863551617, 4, 1 
4, 4, 0.006789918057620525, 4, 1 
4, 4, 0.006192358676344156, 4, 1 
4, 4, 0.0063211750239133835, 4, 1 
4, 4, 0.006337149068713188, 4, 1 
4, 4, 0.005740072578191757, 4, 1 
4, 4, 0.00512070395052433, 4, 1 
4, 4, 0.005057011265307665, 4, 1 
4, 4, 0.005141683388501406, 4, 1 
4, 4, 0.004802697338163853, 4, 1 
4, 4, 0.004296846222132444, 4, 1 
4, 4, 0.004141666926443577, 4, 1 
4, 4, 0.004182090982794762, 4, 1 
4, 4, 0.00396962184458971, 4, 1 
4, 4, 0.0035980853717774153, 4, 1 
4, 4, 0.0034467389341443777, 4, 1 
4, 4, 0.003449052572250366, 4, 1 
4, 4, 0.003280340926721692, 4, 1 
4, 4, 0.0030007236637175083, 4, 1 
4, 4, 0.0028816256672143936, 4, 1 
4, 4, 0.0028623866382986307, 4, 1 
4, 4, 0.002712193178012967, 4, 1 
4, 4, 0.00249499105848372, 4, 1 
4, 4, 0.002403510268777609, 4, 1 
4, 4, 0.002364708809182048, 4, 1 
4, 4, 0.00222743209451437, 4, 1 
4, 4, 0.0020730714313685894, 4, 1 
4, 4, 0.002011373871937394, 4, 1 
4, 4, 0.001956147840246558, 4, 1 
4, 4, 0.0018320506205782294, 4, 1 
4, 4, 0.0017271722899749875, 4, 1 
4, 4, 0.0016880764160305262, 4, 1 
4, 4, 0.0016240115510299802, 4, 1 
4, 4, 0.0015211066929623485, 4, 1 
4, 4, 0.0014587431214749813, 4, 1 
4, 4, 0.0014245655620470643, 4, 1 
4, 4, 0.0013556594494730234, 4, 1 
4, 4, 0.0012814200017601252, 4, 1 
4, 4, 0.0012434518430382013, 4, 1 
4, 4, 0.0012023955350741744, 4, 1 
4, 4, 0.0011375059839338064, 4, 1 
4, 4, 0.0010891618439927697, 4, 1 
4, 4, 0.001058235066011548, 4, 1 
4, 4, 0.0010094569297507405, 4, 1 
4, 4, 0.0009586288360878825, 4, 1 
4, 4, 0.0009280659724026918, 4, 1 
4, 4, 0.00089446478523314, 4, 1 
4, 4, 0.0008499344112351537, 4, 1 
4, 4, 0.0008165406761690974, 4, 1 
4, 4, 0.0007899892516434193, 4, 1 
4, 4, 0.0007548982393927872, 4, 1 
4, 4, 0.000722101132851094, 4, 1 
4, 4, 0.0006994155119173229, 4, 1 
4, 4, 0.0006726416177116334, 4, 1 
4, 4, 0.0006425345200113952, 4, 1 
4, 4, 0.0006199966301210225, 4, 1 
4, 4, 0.000598566432017833, 4, 1 
5, 4, 0.033244967460632324, 5, 1 
5, 4, 0.20567481219768524, 5, 1 
5, 4, 0.03596866875886917, 5, 1 
5, 4, 0.07777504622936249, 5, 1 
5, 4, 0.12025727331638336, 5, 1 
5, 4, 0.08411292731761932, 5, 1 
5, 4, 0.04308602586388588, 5, 1 
5, 4, 0.03486758843064308, 5, 1 
5, 4, 0.051438163965940475, 5, 1 
5, 4, 0.06628531962633133, 5, 1 
5, 4, 0.06210034340620041, 5, 1 
5, 4, 0.04326217621564865, 5, 1 
5, 4, 0.026906538754701614, 5, 1 
5, 4, 0.025304462760686874, 5, 1 
5, 4, 0.0354643352329731, 5, 1 
5, 4, 0.04352477192878723, 5, 1 
5, 4, 0.040312428027391434, 5, 1 
5, 4, 0.02954709902405739, 5, 1 
5, 4, 0.020975986495614052, 5, 1 
5, 4, 0.020198864862322807, 5, 1 
5, 4, 0.024919647723436356, 5, 1 
5, 4, 0.028671782463788986, 5, 1 
5, 4, 0.027290184050798416, 5, 1 
5, 4, 0.02206532657146454, 5, 1 
5, 4, 0.017391590401530266, 5, 1 
5, 4, 0.016359996050596237, 5, 1 
5, 4, 0.018241912126541138, 5, 1 
5, 4, 0.01972537860274315, 5, 1 
5, 4, 0.01835581101477146, 5, 1 
5, 4, 0.015020111575722694, 5, 1 
5, 4, 0.01272907666862011, 5, 1 
5, 4, 0.013069847598671913, 5, 1 
5, 4, 0.01444580964744091, 5, 1 
5, 4, 0.01427183486521244, 5, 1 
5, 4, 0.012163826264441013, 5, 1 
5, 4, 0.010119049809873104, 5, 1 
5, 4, 0.009795418940484524, 5, 1 
5, 4, 0.010660332627594471, 5, 1 
5, 4, 0.010949204675853252, 5, 1 
5, 4, 0.009859498590230942, 5, 1 
5, 4, 0.008333450183272362, 5, 1 
5, 4, 0.007727716118097305, 5, 1 
5, 4, 0.008109801448881626, 5, 1 
5, 4, 0.008277556858956814, 5, 1 
5, 4, 0.007514997385442257, 5, 1 
5, 4, 0.006530501879751682, 5, 1 
5, 4, 0.006270976271480322, 5, 1 
5, 4, 0.006539286579936743, 5, 1 
5, 4, 0.006445456296205521, 5, 1 
5, 4, 0.005781146697700024, 5, 1 
5, 4, 0.005215754266828299, 5, 1 
5, 4, 0.0052110981196165085, 5, 1 
5, 4, 0.005346101708710194, 5, 1 
5, 4, 0.0050703720189630985, 5, 1 
5, 4, 0.004556938540190458, 5, 1 
5, 4, 0.004329237621277571, 5, 1 
5, 4, 0.0043999976478517056, 5, 1 
5, 4, 0.004319565370678902, 5, 1 
5, 4, 0.003971303813159466, 5, 1 
5, 4, 0.0037117679603397846, 5, 1 
5, 4, 0.0037108499091118574, 5, 1 
5, 4, 0.0036911419592797756, 5, 1 
5, 4, 0.00346204312518239, 5, 1 
5, 4, 0.00323282228782773, 5, 1 
5, 4, 0.0031867236830294132, 5, 1 
5, 4, 0.0031724523287266493, 5, 1 
5, 4, 0.003019235795363784, 5, 1 
5, 4, 0.002840570406988263, 5, 1 
5, 4, 0.0027849061880260706, 5, 1 
5, 4, 0.002761772833764553, 5, 1 
5, 4, 0.0026430771686136723, 5, 1 
5, 4, 0.0025032132398337126, 5, 1 
5, 4, 0.0024503287859261036, 5, 1 
5, 4, 0.002419173950329423, 5, 1 
5, 4, 0.002322633285075426, 5, 1 
5, 4, 0.0022168245632201433, 5, 1 
5, 4, 0.0021729720756411552, 5, 1 
5, 4, 0.0021376903168857098, 5, 1 
5, 4, 0.002056735334917903, 5, 1 
5, 4, 0.00197806628420949, 5, 1 
5, 4, 0.0019408713560551405, 5, 1 
5, 4, 0.0018999380990862846, 5, 1 
5, 4, 0.0018294325564056635, 5, 1 
5, 4, 0.0017713482957333326, 5, 1 
5, 4, 0.001741091487929225, 5, 1 
5, 4, 0.001700119348242879, 5, 1 
5, 4, 0.0016421707114204764, 5, 1 
5, 4, 0.001599406241439283, 5, 1 
5, 4, 0.0015702194068580866, 5, 1 
5, 4, 0.0015289000002667308, 5, 1 
5, 4, 0.001482886029407382, 5, 1 
5, 4, 0.0014510639011859894, 5, 1 
5, 4, 0.0014216502895578742, 5, 1 
5, 4, 0.0013816836290061474, 5, 1 
5, 4, 0.0013442626222968102, 5, 1 
5, 4, 0.0013176657957956195, 5, 1 
5, 4, 0.0012883259914815426, 5, 1 
5, 4, 0.0012540080351755023, 5, 1 
5, 4, 0.0012259876821190119, 5, 1 
5, 4, 0.0012019778368994594, 5, 1 
6, 4, 0.018557587638497353, 6, 1 
6, 4, 0.17346493899822235, 6, 1 
6, 4, 0.01912531442940235, 6, 1 
6, 4, 0.07157384604215622, 6, 1 
6, 4, 0.0983951985836029, 6, 1 
6, 4, 0.05972978472709656, 6, 1 
6, 4, 0.028138836845755577, 6, 1 
6, 4, 0.028564339503645897, 6, 1 
6, 4, 0.045412078499794006, 6, 1 
6, 4, 0.053807128220796585, 6, 1 
6, 4, 0.043920110911130905, 6, 1 
6, 4, 0.025497449561953545, 6, 1 
6, 4, 0.01469742227345705, 6, 1 
6, 4, 0.018774883821606636, 6, 1 
6, 4, 0.02957899309694767, 6, 1 
6, 4, 0.03345487266778946, 6, 1 
6, 4, 0.026749296113848686, 6, 1 
6, 4, 0.016706004738807678, 6, 1 
6, 4, 0.011627402156591415, 6, 1 
6, 4, 0.013524872250854969, 6, 1 
6, 4, 0.01825389824807644, 6, 1 
6, 4, 0.020363932475447655, 6, 1 
6, 4, 0.01789325289428234, 6, 1 
6, 4, 0.013128343038260937, 6, 1 
6, 4, 0.009814601391553879, 6, 1 
6, 4, 0.009830145165324211, 6, 1 
6, 4, 0.011837783269584179, 6, 1 
6, 4, 0.012852023355662823, 6, 1 
6, 4, 0.01135110855102539, 6, 1 
6, 4, 0.008790540508925915, 6, 1 
6, 4, 0.007685480173677206, 6, 1 
6, 4, 0.00854690931737423, 6, 1 
6, 4, 0.009521552361547947, 6, 1 
6, 4, 0.008919659070670605, 6, 1 
6, 4, 0.007196241989731789, 6, 1 
6, 4, 0.006072156131267548, 6, 1 
6, 4, 0.006382924038916826, 6, 1 
6, 4, 0.0072454847395420074, 6, 1 
6, 4, 0.007314204704016447, 6, 1 
6, 4, 0.006307667121291161, 6, 1 
6, 4, 0.005195911042392254, 6, 1 
6, 4, 0.004964747000485659, 6, 1 
6, 4, 0.005465103778988123, 6, 1 
6, 4, 0.005709500517696142, 6, 1 
6, 4, 0.0051962872967123985, 6, 1 
6, 4, 0.004480490926653147, 6, 1 
6, 4, 0.0042748525738716125, 6, 1 
6, 4, 0.004497617948800325, 6, 1 
6, 4, 0.004543781746178865, 6, 1 
6, 4, 0.004180677235126495, 6, 1 
6, 4, 0.003781060455366969, 6, 1 
6, 4, 0.0037190939765423536, 6, 1 
6, 4, 0.00385187566280365, 6, 1 
6, 4, 0.0037852104287594557, 6, 1 
6, 4, 0.003467307658866048, 6, 1 
6, 4, 0.003228951944038272, 6, 1 
6, 4, 0.003262291895225644, 6, 1 
6, 4, 0.0033491954673081636, 6, 1 
6, 4, 0.003231306793168187, 6, 1 
6, 4, 0.0029864523094147444, 6, 1 
6, 4, 0.002866832772269845, 6, 1 
6, 4, 0.002899731742218137, 6, 1 
6, 4, 0.0028883994091302156, 6, 1 
6, 4, 0.002752864034846425, 6, 1 
6, 4, 0.0026228521019220352, 6, 1 
6, 4, 0.002597335958853364, 6, 1 
6, 4, 0.0025939373299479485, 6, 1 
6, 4, 0.0025106756947934628, 6, 1 
6, 4, 0.0023957935627549887, 6, 1 
6, 4, 0.0023483873810619116, 6, 1 
6, 4, 0.00234800367616117, 6, 1 
6, 4, 0.002301892265677452, 6, 1 
6, 4, 0.002207467332482338, 6, 1 
6, 4, 0.0021439327392727137, 6, 1 
6, 4, 0.0021289109718054533, 6, 1 
6, 4, 0.002101744059473276, 6, 1 
6, 4, 0.002036107238382101, 6, 1 
6, 4, 0.0019772604573518038, 6, 1 
6, 4, 0.0019509400008246303, 6, 1 
6, 4, 0.0019244427094236016, 6, 1 
6, 4, 0.0018738281214609742, 6, 1 
6, 4, 0.0018243402009829879, 6, 1 
6, 4, 0.0017977789975702763, 6, 1 
6, 4, 0.0017736124573275447, 6, 1 
6, 4, 0.0017321932828053832, 6, 1 
6, 4, 0.0016898399917408824, 6, 1 
6, 4, 0.001664724200963974, 6, 1 
6, 4, 0.0016432850388810039, 6, 1 
6, 4, 0.001609550672583282, 6, 1 
6, 4, 0.0015732422471046448, 6, 1 
6, 4, 0.001547940424643457, 6, 1 
6, 4, 0.001525819767266512, 6, 1 
6, 4, 0.001496080425567925, 6, 1 
6, 4, 0.001465928740799427, 6, 1 
6, 4, 0.001443055341951549, 6, 1 
6, 4, 0.001420813612639904, 6, 1 
6, 4, 0.0013939369237050414, 6, 1 
6, 4, 0.0013684398727491498, 6, 1 
6, 4, 0.0013482760405167937, 6, 1 
6, 4, 0.0013277785619720817, 6, 1 
7, 4, 0.02085900492966175, 7, 1 
7, 4, 0.16125503182411194, 7, 1 
7, 4, 0.02243352122604847, 7, 1 
7, 4, 0.05776425823569298, 7, 1 
7, 4, 0.08829160779714584, 7, 1 
7, 4, 0.06310492008924484, 7, 1 
7, 4, 0.035122424364089966, 7, 1 
7, 4, 0.029052963480353355, 7, 1 
7, 4, 0.03890153765678406, 7, 1 
7, 4, 0.04603879898786545, 7, 1 
7, 4, 0.03978792950510979, 7, 1 
7, 4, 0.026126492768526077, 7, 1 
7, 4, 0.018071940168738365, 7, 1 
7, 4, 0.021344000473618507, 7, 1 
7, 4, 0.028648722916841507, 7, 1 
7, 4, 0.029561033472418785, 7, 1 
7, 4, 0.02272370085120201, 7, 1 
7, 4, 0.015082774683833122, 7, 1 
7, 4, 0.012828483246266842, 7, 1 
7, 4, 0.01616905815899372, 7, 1 
7, 4, 0.020244231447577477, 7, 1 
7, 4, 0.020398257300257683, 7, 1 
7, 4, 0.016300350427627563, 7, 1 
7, 4, 0.011459450237452984, 7, 1 
7, 4, 0.009551173076033592, 7, 1 
7, 4, 0.011176521889865398, 7, 1 
7, 4, 0.013647044077515602, 7, 1 
7, 4, 0.013901560567319393, 7, 1 
7, 4, 0.011570757254958153, 7, 1 
7, 4, 0.008923796936869621, 7, 1 
7, 4, 0.00808731373399496, 7, 1 
7, 4, 0.008929389528930187, 7, 1 
7, 4, 0.009641489014029503, 7, 1 
7, 4, 0.009062553755939007, 7, 1 
7, 4, 0.007809498347342014, 7, 1 
7, 4, 0.007136697415262461, 7, 1 
7, 4, 0.007338357623666525, 7, 1 
7, 4, 0.007571783848106861, 7, 1 
7, 4, 0.007062979973852634, 7, 1 
7, 4, 0.006092351395636797, 7, 1 
7, 4, 0.005587998777627945, 7, 1 
7, 4, 0.005873066373169422, 7, 1 
7, 4, 0.006235248874872923, 7, 1 
7, 4, 0.005911529064178467, 7, 1 
7, 4, 0.005096103064715862, 7, 1 
7, 4, 0.004586300812661648, 7, 1 
7, 4, 0.004704223480075598, 7, 1 
7, 4, 0.004967575427144766, 7, 1 
7, 4, 0.004818853922188282, 7, 1 
7, 4, 0.004328206647187471, 7, 1 
7, 4, 0.003991538193076849, 7, 1 
7, 4, 0.004004437942057848, 7, 1 
7, 4, 0.004065933171659708, 7, 1 
7, 4, 0.003889886662364006, 7, 1 
7, 4, 0.0036137751303613186, 7, 1 
7, 4, 0.0035068318247795105, 7, 1 
7, 4, 0.003526687389239669, 7, 1 
7, 4, 0.003441592212766409, 7, 1 
7, 4, 0.0032300339080393314, 7, 1 
7, 4, 0.0030938703566789627, 7, 1 
7, 4, 0.003105779876932502, 7, 1 
7, 4, 0.0031013444531708956, 7, 1 
7, 4, 0.0029572222847491503, 7, 1 
7, 4, 0.0027825715951621532, 7, 1 
7, 4, 0.002726135076954961, 7, 1 
7, 4, 0.0027410562615841627, 7, 1 
7, 4, 0.002686933847144246, 7, 1 
7, 4, 0.0025597650092095137, 7, 1 
7, 4, 0.002468327060341835, 7, 1 
7, 4, 0.002441431162878871, 7, 1 
7, 4, 0.002403320511803031, 7, 1 
7, 4, 0.0023234724067151546, 7, 1 
7, 4, 0.0022556441836059093, 7, 1 
7, 4, 0.0022237743251025677, 7, 1 
7, 4, 0.002183133503422141, 7, 1 
7, 4, 0.002111743902787566, 7, 1 
7, 4, 0.0020502612460404634, 7, 1 
7, 4, 0.002022959990426898, 7, 1 
7, 4, 0.0019936535973101854, 7, 1 
7, 4, 0.0019353283569216728, 7, 1 
7, 4, 0.0018765978747978806, 7, 1 
7, 4, 0.0018437843536958098, 7, 1 
7, 4, 0.0018175564473494887, 7, 1 
7, 4, 0.001774111995473504, 7, 1 
7, 4, 0.0017266171053051949, 7, 1 
7, 4, 0.0016932517755776644, 7, 1 
7, 4, 0.0016645671566948295, 7, 1 
7, 4, 0.0016273742076009512, 7, 1 
7, 4, 0.0015896203694865108, 7, 1 
7, 4, 0.0015602260828018188, 7, 1 
7, 4, 0.0015310152666643262, 7, 1 
7, 4, 0.0014953078934922814, 7, 1 
7, 4, 0.0014621819136664271, 7, 1 
7, 4, 0.0014369856799021363, 7, 1 
7, 4, 0.0014106732560321689, 7, 1 
7, 4, 0.001378863351419568, 7, 1 
7, 4, 0.0013492967700585723, 7, 1 
7, 4, 0.0013258053222671151, 7, 1 
7, 4, 0.0013016404118388891, 7, 1 
7, 4, 0.0012740406673401594, 7, 1 
8, 4, 0.013040677644312382, 8, 1 
8, 4, 0.1436164826154709, 8, 1 
8, 4, 0.01563173159956932, 8, 1 
8, 4, 0.0470021553337574, 8, 1 
8, 4, 0.07686281949281693, 8, 1 
8, 4, 0.055353641510009766, 8, 1 
8, 4, 0.028928715735673904, 8, 1 
8, 4, 0.021540755406022072, 8, 1 
8, 4, 0.029391316697001457, 8, 1 
8, 4, 0.03739828243851662, 8, 1 
8, 4, 0.03442982956767082, 8, 1 
8, 4, 0.023170458152890205, 8, 1 
8, 4, 0.01458773948252201, 8, 1 
8, 4, 0.01527046412229538, 8, 1 
8, 4, 0.021242933347821236, 8, 1 
8, 4, 0.023670608177781105, 8, 1 
8, 4, 0.019411735236644745, 8, 1 
8, 4, 0.012878424488008022, 8, 1 
8, 4, 0.009757841937243938, 8, 1 
8, 4, 0.011504510417580605, 8, 1 
8, 4, 0.015089893713593483, 8, 1 
8, 4, 0.016332386061549187, 8, 1 
8, 4, 0.013687062077224255, 8, 1 
8, 4, 0.009286141023039818, 8, 1 
8, 4, 0.006648558657616377, 8, 1 
8, 4, 0.0073891617357730865, 8, 1 
8, 4, 0.00992070883512497, 8, 1 
8, 4, 0.011143995448946953, 8, 1 
8, 4, 0.009682536125183105, 8, 1 
8, 4, 0.007034661248326302, 8, 1 
8, 4, 0.00558377243578434, 8, 1 
8, 4, 0.006079608108848333, 8, 1 
8, 4, 0.0072176759131252766, 8, 1 
8, 4, 0.0074188001453876495, 8, 1 
8, 4, 0.006474977824836969, 8, 1 
8, 4, 0.0054203784093260765, 8, 1 
8, 4, 0.005154625978320837, 8, 1 
8, 4, 0.0054945978336036205, 8, 1 
8, 4, 0.005595139693468809, 8, 1 
8, 4, 0.005069851875305176, 8, 1 
8, 4, 0.004418510477989912, 8, 1 
8, 4, 0.004288214258849621, 8, 1 
8, 4, 0.004596077837049961, 8, 1 
8, 4, 0.004693058785051107, 8, 1 
8, 4, 0.0042646839283406734, 8, 1 
8, 4, 0.003713047131896019, 8, 1 
8, 4, 0.0035676995757967234, 8, 1 
8, 4, 0.0038031081203371286, 8, 1 
8, 4, 0.003942720592021942, 8, 1 
8, 4, 0.003690409939736128, 8, 1 
8, 4, 0.0032729904633015394, 8, 1 
8, 4, 0.003097689710557461, 8, 1 
8, 4, 0.0032163893338292837, 8, 1 
8, 4, 0.0033092477824538946, 8, 1 
8, 4, 0.0031548235565423965, 8, 1 
8, 4, 0.0029016705229878426, 8, 1 
8, 4, 0.002794041531160474, 8, 1 
8, 4, 0.0028257379308342934, 8, 1 
8, 4, 0.0028128603007644415, 8, 1 
8, 4, 0.002688151318579912, 8, 1 
8, 4, 0.0025670072063803673, 8, 1 
8, 4, 0.002537679858505726, 8, 1 
8, 4, 0.0025306884199380875, 8, 1 
8, 4, 0.002450356725603342, 8, 1 
8, 4, 0.002332292962819338, 8, 1 
8, 4, 0.002277880907058716, 8, 1 
8, 4, 0.002286753384396434, 8, 1 
8, 4, 0.002262070309370756, 8, 1 
8, 4, 0.0021680211648344994, 8, 1 
8, 4, 0.0020788025576621294, 8, 1 
8, 4, 0.002053005388006568, 8, 1 
8, 4, 0.0020494703203439713, 8, 1 
8, 4, 0.002005948917940259, 8, 1 
8, 4, 0.0019343469757586718, 8, 1 
8, 4, 0.0018867714097723365, 8, 1 
8, 4, 0.001868229592218995, 8, 1 
8, 4, 0.0018402580171823502, 8, 1 
8, 4, 0.0017909067682921886, 8, 1 
8, 4, 0.0017478673253208399, 8, 1 
8, 4, 0.0017234726110473275, 8, 1 
8, 4, 0.001697048544883728, 8, 1 
8, 4, 0.0016566743142902851, 8, 1 
8, 4, 0.0016191048780456185, 8, 1 
8, 4, 0.0015957922441884875, 8, 1 
8, 4, 0.0015729054575785995, 8, 1 
8, 4, 0.001538004376925528, 8, 1 
8, 4, 0.0015022015431895852, 8, 1 
8, 4, 0.001478615333326161, 8, 1 
8, 4, 0.0014596717664971948, 8, 1 
8, 4, 0.0014324004296213388, 8, 1 
8, 4, 0.0014008927391842008, 8, 1 
8, 4, 0.0013760192086920142, 8, 1 
8, 4, 0.0013564645778387785, 8, 1 
8, 4, 0.0013337574200704694, 8, 1 
8, 4, 0.0013079519849270582, 8, 1 
8, 4, 0.001285203150473535, 8, 1 
8, 4, 0.0012653399026021361, 8, 1 
8, 4, 0.0012438652338460088, 8, 1 
8, 4, 0.0012214790331199765, 8, 1 
8, 4, 0.0012019251007586718, 8, 1 
9, 4, 0.023193256929516792, 9, 1 
9, 4, 0.023980140686035156, 9, 1 
9, 4, 0.10379607230424881, 9, 1 
9, 4, 0.03840022161602974, 9, 1 
9, 4, 0.04879916086792946, 9, 1 
9, 4, 0.039271555840969086, 9, 1 
9, 4, 0.012209686450660229, 9, 1 
9, 4, 0.048628926277160645, 9, 1 
9, 4, 0.03662116080522537, 9, 1 
9, 4, 0.01432114653289318, 9, 1 
9, 4, 0.01839396357536316, 9, 1 
9, 4, 0.025008980184793472, 9, 1 
9, 4, 0.027879297733306885, 9, 1 
9, 4, 0.025870736688375473, 9, 1 
9, 4, 0.023846346884965897, 9, 1 
9, 4, 0.01819518581032753, 9, 1 
9, 4, 0.01095624640583992, 9, 1 
9, 4, 0.01142130047082901, 9, 1 
9, 4, 0.013114968314766884, 9, 1 
9, 4, 0.01149056013673544, 9, 1 
9, 4, 0.010250172577798367, 9, 1 
9, 4, 0.009085733443498611, 9, 1 
9, 4, 0.0067571853287518024, 9, 1 
9, 4, 0.005652422085404396, 9, 1 
9, 4, 0.007456609047949314, 9, 1 
9, 4, 0.008009753189980984, 9, 1 
9, 4, 0.006616896018385887, 9, 1 
9, 4, 0.005989318713545799, 9, 1 
9, 4, 0.005297472700476646, 9, 1 
9, 4, 0.0045309849083423615, 9, 1 
9, 4, 0.004534847568720579, 9, 1 
9, 4, 0.005578815937042236, 9, 1 
9, 4, 0.004798645153641701, 9, 1 
9, 4, 0.003851233748719096, 9, 1 
9, 4, 0.0038442430086433887, 9, 1 
9, 4, 0.0039464873261749744, 9, 1 
9, 4, 0.0040722135454416275, 9, 1 
9, 4, 0.00395024660974741, 9, 1 
9, 4, 0.0034951339475810528, 9, 1 
9, 4, 0.003102078102529049, 9, 1 
9, 4, 0.0030565231572836637, 9, 1 
9, 4, 0.003330893348902464, 9, 1 
9, 4, 0.003320838324725628, 9, 1 
9, 4, 0.0029087141156196594, 9, 1 
9, 4, 0.0027655542362481356, 9, 1 
9, 4, 0.0026339904870837927, 9, 1 
9, 4, 0.0025613245088607073, 9, 1 
9, 4, 0.0025802296586334705, 9, 1 
9, 4, 0.0025025575887411833, 9, 1 
9, 4, 0.0023381258361041546, 9, 1 
9, 4, 0.0021976185962557793, 9, 1 
9, 4, 0.002184404758736491, 9, 1 
9, 4, 0.002173179527744651, 9, 1 
9, 4, 0.002037645783275366, 9, 1 
9, 4, 0.0019691516645252705, 9, 1 
9, 4, 0.0020164053421467543, 9, 1 
9, 4, 0.0019212369807064533, 9, 1 
9, 4, 0.0019136446062475443, 9, 1 
9, 4, 0.0018711729208007455, 9, 1 
9, 4, 0.0019037609454244375, 9, 1 
9, 4, 0.0019199082162231207, 9, 1 
9, 4, 0.001791531452909112, 9, 1 
9, 4, 0.0017157039837911725, 9, 1 
9, 4, 0.0017886231653392315, 9, 1 
9, 4, 0.0017824593232944608, 9, 1 
9, 4, 0.0016823215410113335, 9, 1 
9, 4, 0.0015803966671228409, 9, 1 
9, 4, 0.0014944425784051418, 9, 1 
9, 4, 0.00148496450856328, 9, 1 
9, 4, 0.0014009722508490086, 9, 1 
9, 4, 0.0013592434115707874, 9, 1 
9, 4, 0.0013720103306695819, 9, 1 
9, 4, 0.0013501751236617565, 9, 1 
9, 4, 0.0012916693231090903, 9, 1 
9, 4, 0.001406810712069273, 9, 1 
9, 4, 0.001331607112661004, 9, 1 
9, 4, 0.0013860900653526187, 9, 1 
9, 4, 0.001224490930326283, 9, 1 
9, 4, 0.0012290759477764368, 9, 1 
9, 4, 0.0012060912558808923, 9, 1 
9, 4, 0.0011796433245763183, 9, 1 
9, 4, 0.001124075148254633, 9, 1 
9, 4, 0.0011189166689291596, 9, 1 
9, 4, 0.0011344413505867124, 9, 1 
9, 4, 0.0010529325809329748, 9, 1 
9, 4, 0.0010508360574021935, 9, 1 
9, 4, 0.0009957847651094198, 9, 1 
9, 4, 0.0011272934498265386, 9, 1 
9, 4, 0.0009816131787374616, 9, 1 
9, 4, 0.0011287471279501915, 9, 1 
9, 4, 0.0010249246843159199, 9, 1 
9, 4, 0.0009787804447114468, 9, 1 
9, 4, 0.0010096043115481734, 9, 1 
9, 4, 0.0009059791336767375, 9, 1 
9, 4, 0.0009757446823641658, 9, 1 
9, 4, 0.0009076484711840749, 9, 1 
9, 4, 0.0008743353537283838, 9, 1 
9, 4, 0.0008298679022118449, 9, 1 
9, 4, 0.0008330239215865731, 9, 1 
9, 4, 0.0008103362051770091, 9, 1 
10, 4, 0.025299305096268654, 10, 1 
10, 4, 0.01952088251709938, 10, 1 
10, 4, 0.032114554196596146, 10, 1 
10, 4, 0.018649376928806305, 10, 1 
10, 4, 0.02756006456911564, 10, 1 
10, 4, 0.01481644343584776, 10, 1 
10, 4, 0.019585441797971725, 10, 1 
10, 4, 0.012386731803417206, 10, 1 
10, 4, 0.00781920924782753, 10, 1 
10, 4, 0.013469037599861622, 10, 1 
10, 4, 0.007060767617076635, 10, 1 
10, 4, 0.00908761378377676, 10, 1 
10, 4, 0.009424511343240738, 10, 1 
10, 4, 0.005128403659909964, 10, 1 
10, 4, 0.008108050562441349, 10, 1 
10, 4, 0.006837648805230856, 10, 1 
10, 4, 0.004263749346137047, 10, 1 
10, 4, 0.004884335212409496, 10, 1 
10, 4, 0.0037567231338471174, 10, 1 
10, 4, 0.004281307570636272, 10, 1 
10, 4, 0.0039715333841741085, 10, 1 
10, 4, 0.003206726163625717, 10, 1 
10, 4, 0.003666070057079196, 10, 1 
10, 4, 0.002865847432985902, 10, 1 
10, 4, 0.0030888349283486605, 10, 1 
10, 4, 0.0026062852703034878, 10, 1 
10, 4, 0.0026352335698902607, 10, 1 
10, 4, 0.0025717236567288637, 10, 1 
10, 4, 0.0025261319242417812, 10, 1 
10, 4, 0.0027180234901607037, 10, 1 
10, 4, 0.0023727354127913713, 10, 1 
10, 4, 0.002327752998098731, 10, 1 
10, 4, 0.0020491168834269047, 10, 1 
10, 4, 0.0021742163226008415, 10, 1 
10, 4, 0.0018484974279999733, 10, 1 
10, 4, 0.0018265846883878112, 10, 1 
10, 4, 0.0016985444817692041, 10, 1 
10, 4, 0.0016826248029246926, 10, 1 
10, 4, 0.0015822406858205795, 10, 1 
10, 4, 0.00152841757517308, 10, 1 
10, 4, 0.001502630882896483, 10, 1 
10, 4, 0.0014558497350662947, 10, 1 
10, 4, 0.001409010961651802, 10, 1 
10, 4, 0.001348591991700232, 10, 1 
10, 4, 0.001345030847005546, 10, 1 
10, 4, 0.0012999941827729344, 10, 1 
10, 4, 0.0012485482729971409, 10, 1 
10, 4, 0.0012606094824150205, 10, 1 
10, 4, 0.0012355284998193383, 10, 1 
10, 4, 0.0011565142776817083, 10, 1 
10, 4, 0.0011519877007231116, 10, 1 
10, 4, 0.0011311050038784742, 10, 1 
10, 4, 0.0011039862874895334, 10, 1 
10, 4, 0.0011083250865340233, 10, 1 
10, 4, 0.0010679485276341438, 10, 1 
10, 4, 0.0010155009804293513, 10, 1 
10, 4, 0.0010337193962186575, 10, 1 
10, 4, 0.0009685654076747596, 10, 1 
10, 4, 0.0009550172835588455, 10, 1 
10, 4, 0.0009384167497046292, 10, 1 
10, 4, 0.00094725436065346, 10, 1 
10, 4, 0.0008961038547568023, 10, 1 
10, 4, 0.0008631806122139096, 10, 1 
10, 4, 0.0009255158947780728, 10, 1 
10, 4, 0.0008593378588557243, 10, 1 
10, 4, 0.0008482813136652112, 10, 1 
10, 4, 0.0007985004340298474, 10, 1 
10, 4, 0.0007632823544554412, 10, 1 
10, 4, 0.0007653912762179971, 10, 1 
10, 4, 0.0007478904444724321, 10, 1 
10, 4, 0.0007293623057194054, 10, 1 
10, 4, 0.0007239212282001972, 10, 1 
10, 4, 0.000681558158248663, 10, 1 
10, 4, 0.0007152050966396928, 10, 1 
10, 4, 0.0006719616358168423, 10, 1 
10, 4, 0.0006848237826488912, 10, 1 
10, 4, 0.0006353788776323199, 10, 1 
10, 4, 0.0006228689453564584, 10, 1 
10, 4, 0.0005962132709100842, 10, 1 
10, 4, 0.0006106178043410182, 10, 1 
10, 4, 0.0005919424002058804, 10, 1 
10, 4, 0.0005638487637042999, 10, 1 
10, 4, 0.000558077241294086, 10, 1 
10, 4, 0.0005395082989707589, 10, 1 
10, 4, 0.0005327666876837611, 10, 1 
10, 4, 0.0005228492664173245, 10, 1 
10, 4, 0.0005021070828661323, 10, 1 
10, 4, 0.0004960555233992636, 10, 1 
10, 4, 0.0004897583858110011, 10, 1 
10, 4, 0.00048381308442912996, 10, 1 
10, 4, 0.0004891983116976917, 10, 1 
10, 4, 0.0004801456234417856, 10, 1 
10, 4, 0.00048023220733739436, 10, 1 
10, 4, 0.000525859126355499, 10, 1 
10, 4, 0.00045968411723151803, 10, 1 
10, 4, 0.00044778260053135455, 10, 1 
10, 4, 0.0004561545210890472, 10, 1 
10, 4, 0.0004285198519937694, 10, 1 
10, 4, 0.0004169054445810616, 10, 1 
10, 4, 0.0004056160687468946, 10, 1 
11, 4, 0.02858990989625454, 11, 1 
11, 4, 0.017067627981305122, 11, 1 
11, 4, 0.04186549410223961, 11, 1 
11, 4, 0.022831259295344353, 11, 1 
11, 4, 0.029447663575410843, 11, 1 
11, 4, 0.017303798347711563, 11, 1 
11, 4, 0.012016380205750465, 11, 1 
11, 4, 0.021700533106923103, 11, 1 
11, 4, 0.009401630610227585, 11, 1 
11, 4, 0.00991401169449091, 11, 1 
11, 4, 0.012700214050710201, 11, 1 
11, 4, 0.007623299956321716, 11, 1 
11, 4, 0.00847186055034399, 11, 1 
11, 4, 0.007505523040890694, 11, 1 
11, 4, 0.004829549230635166, 11, 1 
11, 4, 0.006813426036387682, 11, 1 
11, 4, 0.004881382454186678, 11, 1 
11, 4, 0.004543950781226158, 11, 1 
11, 4, 0.005170656833797693, 11, 1 
11, 4, 0.004745204467326403, 11, 1 
11, 4, 0.00446283770725131, 11, 1 
11, 4, 0.003204727079719305, 11, 1 
11, 4, 0.0039529949426651, 11, 1 
11, 4, 0.00383609882555902, 11, 1 
11, 4, 0.002840442815795541, 11, 1 
11, 4, 0.0027631742414087057, 11, 1 
11, 4, 0.002612495329231024, 11, 1 
11, 4, 0.0027083850000053644, 11, 1 
11, 4, 0.002266092924401164, 11, 1 
11, 4, 0.002450114581733942, 11, 1 
11, 4, 0.002484542317688465, 11, 1 
11, 4, 0.002203267067670822, 11, 1 
11, 4, 0.0019481726922094822, 11, 1 
11, 4, 0.0020390572026371956, 11, 1 
11, 4, 0.0019366253400221467, 11, 1 
11, 4, 0.0017843745881691575, 11, 1 
11, 4, 0.0017181240255013108, 11, 1 
11, 4, 0.001810490619391203, 11, 1 
11, 4, 0.001645867945626378, 11, 1 
11, 4, 0.0016016275621950626, 11, 1 
11, 4, 0.0015801885165274143, 11, 1 
11, 4, 0.0014648777432739735, 11, 1 
11, 4, 0.001404564012773335, 11, 1 
11, 4, 0.0014181758742779493, 11, 1 
11, 4, 0.0013782029272988439, 11, 1 
11, 4, 0.0012902613962069154, 11, 1 
11, 4, 0.0013146373676136136, 11, 1 
11, 4, 0.0012610587291419506, 11, 1 
11, 4, 0.0012095571728423238, 11, 1 
11, 4, 0.0011745932279154658, 11, 1 
11, 4, 0.0011696027358993888, 11, 1 
11, 4, 0.001113573438487947, 11, 1 
11, 4, 0.0010993205942213535, 11, 1 
11, 4, 0.001064697396941483, 11, 1 
11, 4, 0.0010289354249835014, 11, 1 
11, 4, 0.0010244639124721289, 11, 1 
11, 4, 0.0009845643071457744, 11, 1 
11, 4, 0.0009546875953674316, 11, 1 
11, 4, 0.0009420066489838064, 11, 1 
11, 4, 0.0009058733121491969, 11, 1 
11, 4, 0.0008877657819539309, 11, 1 
11, 4, 0.00087519217049703, 11, 1 
11, 4, 0.0008462792611680925, 11, 1 
11, 4, 0.0008310812991112471, 11, 1 
11, 4, 0.0008091488271020353, 11, 1 
11, 4, 0.0008003169787116349, 11, 1 
11, 4, 0.0007801199681125581, 11, 1 
11, 4, 0.0007667614263482392, 11, 1 
11, 4, 0.0007616651710122824, 11, 1 
11, 4, 0.0007272943621501327, 11, 1 
11, 4, 0.0007337756105698645, 11, 1 
11, 4, 0.0007118112989701331, 11, 1 
11, 4, 0.0006956668803468347, 11, 1 
11, 4, 0.000671335612423718, 11, 1 
11, 4, 0.0006612550932914019, 11, 1 
11, 4, 0.00064835388911888, 11, 1 
11, 4, 0.0006318579544313252, 11, 1 
11, 4, 0.0006166974199004471, 11, 1 
11, 4, 0.0006146729574538767, 11, 1 
11, 4, 0.0005947131430730224, 11, 1 
11, 4, 0.0005824530380778015, 11, 1 
11, 4, 0.0005831491434946656, 11, 1 
11, 4, 0.0005752270226366818, 11, 1 
11, 4, 0.0005398671492002904, 11, 1 
11, 4, 0.0005619419971480966, 11, 1 
11, 4, 0.0005313132423907518, 11, 1 
11, 4, 0.0005184953915886581, 11, 1 
11, 4, 0.0005061653791926801, 11, 1 
11, 4, 0.0004952468443661928, 11, 1 
11, 4, 0.0004899929626844823, 11, 1 
11, 4, 0.0004639703838620335, 11, 1 
11, 4, 0.0004753453831654042, 11, 1 
11, 4, 0.0004595557984430343, 11, 1 
11, 4, 0.00044455277384258807, 11, 1 
11, 4, 0.0004383786581456661, 11, 1 
11, 4, 0.0004339994629845023, 11, 1 
11, 4, 0.0004177677328698337, 11, 1 
11, 4, 0.0004167570732533932, 11, 1 
11, 4, 0.00040863099275156856, 11, 1 
11, 4, 0.00040622064261697233, 11, 1 
12, 4, 0.021914763376116753, 12, 1 
12, 4, 0.019055960699915886, 12, 1 
12, 4, 0.020279012620449066, 12, 1 
12, 4, 0.021804921329021454, 12, 1 
12, 4, 0.014745165593922138, 12, 1 
12, 4, 0.0074829659424722195, 12, 1 
12, 4, 0.012322959490120411, 12, 1 
12, 4, 0.007298293989151716, 12, 1 
12, 4, 0.00696555757895112, 12, 1 
12, 4, 0.006235961336642504, 12, 1 
12, 4, 0.007104372605681419, 12, 1 
12, 4, 0.0044456589967012405, 12, 1 
12, 4, 0.004484554752707481, 12, 1 
12, 4, 0.004997164011001587, 12, 1 
12, 4, 0.004084338899701834, 12, 1 
12, 4, 0.003414314240217209, 12, 1 
12, 4, 0.0030593040864914656, 12, 1 
12, 4, 0.003574012778699398, 12, 1 
12, 4, 0.002714653266593814, 12, 1 
12, 4, 0.0026431165169924498, 12, 1 
12, 4, 0.002459881594404578, 12, 1 
12, 4, 0.0026439938228577375, 12, 1 
12, 4, 0.0021763788536190987, 12, 1 
12, 4, 0.002166338497772813, 12, 1 
12, 4, 0.0021041585132479668, 12, 1 
12, 4, 0.0018922839080914855, 12, 1 
12, 4, 0.0017719101160764694, 12, 1 
12, 4, 0.0017488766461610794, 12, 1 
12, 4, 0.0016081136418506503, 12, 1 
12, 4, 0.001599870971404016, 12, 1 
12, 4, 0.0014885454438626766, 12, 1 
12, 4, 0.0014555553207173944, 12, 1 
12, 4, 0.0014053244376555085, 12, 1 
12, 4, 0.001357894972898066, 12, 1 
12, 4, 0.0012921127490699291, 12, 1 
12, 4, 0.0012636268511414528, 12, 1 
12, 4, 0.0012140738544985652, 12, 1 
12, 4, 0.0011980870040133595, 12, 1 
12, 4, 0.0011379189090803266, 12, 1 
12, 4, 0.0011061766417697072, 12, 1 
12, 4, 0.0010826373472809792, 12, 1 
12, 4, 0.0010567950084805489, 12, 1 
12, 4, 0.0010198593372479081, 12, 1 
12, 4, 0.0009978838497772813, 12, 1 
12, 4, 0.000963713217061013, 12, 1 
12, 4, 0.0009400313720107079, 12, 1 
12, 4, 0.0009089930099435151, 12, 1 
12, 4, 0.0008841371163725853, 12, 1 
12, 4, 0.0008697747834958136, 12, 1 
12, 4, 0.0008424093830399215, 12, 1 
12, 4, 0.0008293138816952705, 12, 1 
12, 4, 0.0007990244776010513, 12, 1 
12, 4, 0.0007871201378293335, 12, 1 
12, 4, 0.000771080085542053, 12, 1 
12, 4, 0.00074350944487378, 12, 1 
12, 4, 0.0007282940787263215, 12, 1 
12, 4, 0.0007092186133377254, 12, 1 
12, 4, 0.0007076221518218517, 12, 1 
12, 4, 0.0006852106307633221, 12, 1 
12, 4, 0.0006604130030609667, 12, 1 
12, 4, 0.0006472520180977881, 12, 1 
12, 4, 0.0006340076797641814, 12, 1 
12, 4, 0.000620514911133796, 12, 1 
12, 4, 0.0006089407834224403, 12, 1 
12, 4, 0.000588704482652247, 12, 1 
12, 4, 0.0005814963369630277, 12, 1 
12, 4, 0.0005597583367489278, 12, 1 
12, 4, 0.0005527338362298906, 12, 1 
12, 4, 0.0005358661874197423, 12, 1 
12, 4, 0.000525179726537317, 12, 1 
12, 4, 0.0005165761685930192, 12, 1 
12, 4, 0.000500585709232837, 12, 1 
12, 4, 0.0004984154948033392, 12, 1 
12, 4, 0.00048023543786257505, 12, 1 
12, 4, 0.00048548541963100433, 12, 1 
12, 4, 0.0004676607495639473, 12, 1 
12, 4, 0.0004628349852282554, 12, 1 
12, 4, 0.0004479897615965456, 12, 1 
12, 4, 0.00044338940642774105, 12, 1 
12, 4, 0.00043462342000566423, 12, 1 
12, 4, 0.0004243437433615327, 12, 1 
12, 4, 0.00041636344394646585, 12, 1 
12, 4, 0.0004020669439341873, 12, 1 
12, 4, 0.00039504747837781906, 12, 1 
12, 4, 0.00038413863512687385, 12, 1 
12, 4, 0.0003814406518358737, 12, 1 
12, 4, 0.00038270335062406957, 12, 1 
12, 4, 0.0003742939734365791, 12, 1 
12, 4, 0.0003604117373470217, 12, 1 
12, 4, 0.00036449256003834307, 12, 1 
12, 4, 0.0003560912737157196, 12, 1 
12, 4, 0.00034769601188600063, 12, 1 
12, 4, 0.00034131319262087345, 12, 1 
12, 4, 0.0003320300893392414, 12, 1 
12, 4, 0.00033726703259162605, 12, 1 
12, 4, 0.0003140763146802783, 12, 1 
12, 4, 0.0003072048129979521, 12, 1 
12, 4, 0.0003055148699786514, 12, 1 
12, 4, 0.00030252456781454384, 12, 1 
12, 4, 0.0002920433471444994, 12, 1 
13, 4, 0.01394723542034626, 13, 1 
13, 4, 0.01889580674469471, 13, 1 
13, 4, 0.017129482701420784, 13, 1 
13, 4, 0.011039712466299534, 13, 1 
13, 4, 0.009891114197671413, 13, 1 
13, 4, 0.005958680994808674, 13, 1 
13, 4, 0.00965803861618042, 13, 1 
13, 4, 0.004370214883238077, 13, 1 
13, 4, 0.005084105767309666, 13, 1 
13, 4, 0.004771496169269085, 13, 1 
13, 4, 0.004170156549662352, 13, 1 
13, 4, 0.0029954425990581512, 13, 1 
13, 4, 0.0035939407534897327, 13, 1 
13, 4, 0.002962985308840871, 13, 1 
13, 4, 0.0027206987142562866, 13, 1 
13, 4, 0.002508970210328698, 13, 1 
13, 4, 0.0024358679074794054, 13, 1 
13, 4, 0.0021147618535906076, 13, 1 
13, 4, 0.0022004973143339157, 13, 1 
13, 4, 0.0019347277702763677, 13, 1 
13, 4, 0.0018940330483019352, 13, 1 
13, 4, 0.001718258368782699, 13, 1 
13, 4, 0.0016909606056287885, 13, 1 
13, 4, 0.0015876350225880742, 13, 1 
13, 4, 0.0015513814287260175, 13, 1 
13, 4, 0.0014650407247245312, 13, 1 
13, 4, 0.0013998704962432384, 13, 1 
13, 4, 0.0013315995456650853, 13, 1 
13, 4, 0.0013110425788909197, 13, 1 
13, 4, 0.0012557164300233126, 13, 1 
13, 4, 0.0012083721812814474, 13, 1 
13, 4, 0.0011760741472244263, 13, 1 
13, 4, 0.0011188358766958117, 13, 1 
13, 4, 0.0010940611828118563, 13, 1 
13, 4, 0.0010526212863624096, 13, 1 
13, 4, 0.0010228048777207732, 13, 1 
13, 4, 0.0009932563407346606, 13, 1 
13, 4, 0.0009690285078249872, 13, 1 
13, 4, 0.0009320480166934431, 13, 1 
13, 4, 0.0009217574843205512, 13, 1 
13, 4, 0.0008854474290274084, 13, 1 
13, 4, 0.0008655625861138105, 13, 1 
13, 4, 0.0008400675724260509, 13, 1 
13, 4, 0.0008190202643163502, 13, 1 
13, 4, 0.0007960646180436015, 13, 1 
13, 4, 0.0007785346824675798, 13, 1 
13, 4, 0.0007642412092536688, 13, 1 
13, 4, 0.0007405567448586226, 13, 1 
13, 4, 0.0007340688607655466, 13, 1 
13, 4, 0.0007042370270937681, 13, 1 
13, 4, 0.0006989098037593067, 13, 1 
13, 4, 0.0006723070982843637, 13, 1 
13, 4, 0.0006692256429232657, 13, 1 
13, 4, 0.0006393108051270247, 13, 1 
13, 4, 0.0006392952054738998, 13, 1 
13, 4, 0.000611140625551343, 13, 1 
13, 4, 0.0005997471744194627, 13, 1 
13, 4, 0.0005874625057913363, 13, 1 
13, 4, 0.0005709427641704679, 13, 1 
13, 4, 0.0005593009991571307, 13, 1 
13, 4, 0.0005436737556010485, 13, 1 
13, 4, 0.0005326707614585757, 13, 1 
13, 4, 0.0005208137445151806, 13, 1 
13, 4, 0.0005111061036586761, 13, 1 
13, 4, 0.0004948677960783243, 13, 1 
13, 4, 0.0004928224952891469, 13, 1 
13, 4, 0.00048279869952239096, 13, 1 
13, 4, 0.0004596058570314199, 13, 1 
13, 4, 0.0004606653528753668, 13, 1 
13, 4, 0.00045388020225800574, 13, 1 
13, 4, 0.0004469295672606677, 13, 1 
13, 4, 0.00042328250128775835, 13, 1 
13, 4, 0.00042229017708450556, 13, 1 
13, 4, 0.00041344438795931637, 13, 1 
13, 4, 0.0004020964552182704, 13, 1 
13, 4, 0.0003937986330129206, 13, 1 
13, 4, 0.00038186146412044764, 13, 1 
13, 4, 0.00038233507075347006, 13, 1 
13, 4, 0.00036757782800123096, 13, 1 
13, 4, 0.00036315390025265515, 13, 1 
13, 4, 0.00035604913136921823, 13, 1 
13, 4, 0.0003479319275356829, 13, 1 
13, 4, 0.00033749747672118247, 13, 1 
13, 4, 0.0003419320855755359, 13, 1 
13, 4, 0.0003251420857850462, 13, 1 
13, 4, 0.0003251484304200858, 13, 1 
13, 4, 0.0003176410391461104, 13, 1 
13, 4, 0.000313076947350055, 13, 1 
13, 4, 0.00030452405917458236, 13, 1 
13, 4, 0.00029395538149401546, 13, 1 
13, 4, 0.0002961905556730926, 13, 1 
13, 4, 0.0002838477084878832, 13, 1 
13, 4, 0.0002831272140610963, 13, 1 
13, 4, 0.00027588719967752695, 13, 1 
13, 4, 0.00027235285961069167, 13, 1 
13, 4, 0.0002702802303247154, 13, 1 
13, 4, 0.00027013238286599517, 13, 1 
13, 4, 0.00025753609952516854, 13, 1 
13, 4, 0.0002631601528264582, 13, 1 
13, 4, 0.0002604449982754886, 13, 1 
14, 4, 0.017716670408844948, 14, 1 
14, 4, 0.01665538176894188, 14, 1 
14, 4, 0.011565057560801506, 14, 1 
14, 4, 0.01773005537688732, 14, 1 
14, 4, 0.006673537660390139, 14, 1 
14, 4, 0.009602649137377739, 14, 1 
14, 4, 0.00702631426975131, 14, 1 
14, 4, 0.007569349370896816, 14, 1 
14, 4, 0.005412496626377106, 14, 1 
14, 4, 0.007345982827246189, 14, 1 
14, 4, 0.00452231103554368, 14, 1 
14, 4, 0.003797741374000907, 14, 1 
14, 4, 0.005244686268270016, 14, 1 
14, 4, 0.00312994047999382, 14, 1 
14, 4, 0.002826112788170576, 14, 1 
14, 4, 0.003056818153709173, 14, 1 
14, 4, 0.002917364938184619, 14, 1 
14, 4, 0.0019936019089072943, 14, 1 
14, 4, 0.002474829088896513, 14, 1 
14, 4, 0.0021229255944490433, 14, 1 
14, 4, 0.0018609140533953905, 14, 1 
14, 4, 0.0018547879299148917, 14, 1 
14, 4, 0.001788686728104949, 14, 1 
14, 4, 0.0015928627690300345, 14, 1 
14, 4, 0.0016428905073553324, 14, 1 
14, 4, 0.0014710173709318042, 14, 1 
14, 4, 0.0014125986490398645, 14, 1 
14, 4, 0.0013766353949904442, 14, 1 
14, 4, 0.0012857120018452406, 14, 1 
14, 4, 0.0012761165853589773, 14, 1 
14, 4, 0.0012133864220231771, 14, 1 
14, 4, 0.0011558093829080462, 14, 1 
14, 4, 0.0011269410606473684, 14, 1 
14, 4, 0.0010821812320500612, 14, 1 
14, 4, 0.0010578922228887677, 14, 1 
14, 4, 0.0010265117743983865, 14, 1 
14, 4, 0.0009896524716168642, 14, 1 
14, 4, 0.0009658326744101942, 14, 1 
14, 4, 0.0009445376344956458, 14, 1 
14, 4, 0.0009147754753939807, 14, 1 
14, 4, 0.0008988032932393253, 14, 1 
14, 4, 0.0008716684533283114, 14, 1 
14, 4, 0.0008570842328481376, 14, 1 
14, 4, 0.0008367166155949235, 14, 1 
14, 4, 0.0008043521665968001, 14, 1 
14, 4, 0.0007902947836555541, 14, 1 
14, 4, 0.0007722252630628645, 14, 1 
14, 4, 0.0007440236513502896, 14, 1 
14, 4, 0.0007439839537255466, 14, 1 
14, 4, 0.0007156184874475002, 14, 1 
14, 4, 0.0007063574739731848, 14, 1 
14, 4, 0.0006817560642957687, 14, 1 
14, 4, 0.0006686037522740662, 14, 1 
14, 4, 0.000652562768664211, 14, 1 
14, 4, 0.0006394566153176129, 14, 1 
14, 4, 0.0006246989942155778, 14, 1 
14, 4, 0.0006131498957984149, 14, 1 
14, 4, 0.00060280627803877, 14, 1 
14, 4, 0.0005872129695490003, 14, 1 
14, 4, 0.0005797618068754673, 14, 1 
14, 4, 0.0005662633338943124, 14, 1 
14, 4, 0.0005554840317927301, 14, 1 
14, 4, 0.0005509063485078514, 14, 1 
14, 4, 0.0005404571420513093, 14, 1 
14, 4, 0.0005245064967311919, 14, 1 
14, 4, 0.00051808514399454, 14, 1 
14, 4, 0.0005176716367714107, 14, 1 
14, 4, 0.0004940382787026465, 14, 1 
14, 4, 0.0004927496192976832, 14, 1 
14, 4, 0.0004856285231653601, 14, 1 
14, 4, 0.0004818872839678079, 14, 1 
14, 4, 0.0004675278614740819, 14, 1 
14, 4, 0.00045990425860509276, 14, 1 
14, 4, 0.00043826052569784224, 14, 1 
14, 4, 0.00042957233381457627, 14, 1 
14, 4, 0.000421613163780421, 14, 1 
14, 4, 0.00041397218592464924, 14, 1 
14, 4, 0.00040857313433662057, 14, 1 
14, 4, 0.000397416326450184, 14, 1 
14, 4, 0.00039449401083402336, 14, 1 
14, 4, 0.00038077516364865005, 14, 1 
14, 4, 0.0003787321038544178, 14, 1 
14, 4, 0.00036952251684851944, 14, 1 
14, 4, 0.00036068560439161956, 14, 1 
14, 4, 0.00036173054832033813, 14, 1 
14, 4, 0.0003534801653586328, 14, 1 
14, 4, 0.00035286066122353077, 14, 1 
14, 4, 0.0003366713353898376, 14, 1 
14, 4, 0.0003358766552992165, 14, 1 
14, 4, 0.00033226844971068203, 14, 1 
14, 4, 0.0003208619891665876, 14, 1 
14, 4, 0.0003214040189050138, 14, 1 
14, 4, 0.000310736708343029, 14, 1 
14, 4, 0.00030828756280243397, 14, 1 
14, 4, 0.0003099398163612932, 14, 1 
14, 4, 0.00031621611560694873, 14, 1 
14, 4, 0.0003167455433867872, 14, 1 
14, 4, 0.0002984369930345565, 14, 1 
14, 4, 0.000291107629891485, 14, 1 
14, 4, 0.00028604429098777473, 14, 1 
15, 4, 0.018597066402435303, 15, 1 
15, 4, 0.015464004129171371, 15, 1 
15, 4, 0.01809084787964821, 15, 1 
15, 4, 0.015076485462486744, 15, 1 
15, 4, 0.005467834882438183, 15, 1 
15, 4, 0.012790494598448277, 15, 1 
15, 4, 0.009312484413385391, 15, 1 
15, 4, 0.004651011899113655, 15, 1 
15, 4, 0.007067852653563023, 15, 1 
15, 4, 0.007935057394206524, 15, 1 
15, 4, 0.004412434995174408, 15, 1 
15, 4, 0.003257653908804059, 15, 1 
15, 4, 0.005939462687820196, 15, 1 
15, 4, 0.003397807478904724, 15, 1 
15, 4, 0.0025412130635231733, 15, 1 
15, 4, 0.0032437334302812815, 15, 1 
15, 4, 0.0032070581801235676, 15, 1 
15, 4, 0.0022617275826632977, 15, 1 
15, 4, 0.002582401968538761, 15, 1 
15, 4, 0.0026947481092065573, 15, 1 
15, 4, 0.0019758993294090033, 15, 1 
15, 4, 0.0019214123021811247, 15, 1 
15, 4, 0.0020725384820252657, 15, 1 
15, 4, 0.0015710224397480488, 15, 1 
15, 4, 0.0016765475738793612, 15, 1 
15, 4, 0.0016324289608746767, 15, 1 
15, 4, 0.001467892318032682, 15, 1 
15, 4, 0.0014113240176811814, 15, 1 
15, 4, 0.0014355398016050458, 15, 1 
15, 4, 0.001247646170668304, 15, 1 
15, 4, 0.0013011465780436993, 15, 1 
15, 4, 0.001248764107003808, 15, 1 
15, 4, 0.0011723128845915198, 15, 1 
15, 4, 0.0011993047082796693, 15, 1 
15, 4, 0.001073442050255835, 15, 1 
15, 4, 0.0010741656878963113, 15, 1 
15, 4, 0.001065048505552113, 15, 1 
15, 4, 0.0009973224950954318, 15, 1 
15, 4, 0.0009734106715768576, 15, 1 
15, 4, 0.0009581101476214826, 15, 1 
15, 4, 0.0009229460847564042, 15, 1 
15, 4, 0.0008999287965707481, 15, 1 
15, 4, 0.0008828359423205256, 15, 1 
15, 4, 0.0008566481410525739, 15, 1 
15, 4, 0.00083433702820912, 15, 1 
15, 4, 0.0008086058078333735, 15, 1 
15, 4, 0.000804150418844074, 15, 1 
15, 4, 0.000782485178206116, 15, 1 
15, 4, 0.0007701231515966356, 15, 1 
15, 4, 0.000753740081563592, 15, 1 
15, 4, 0.0007350833620876074, 15, 1 
15, 4, 0.00071073102299124, 15, 1 
15, 4, 0.0007078281487338245, 15, 1 
15, 4, 0.0006935000419616699, 15, 1 
15, 4, 0.0006780847324989736, 15, 1 
15, 4, 0.0006655588513240218, 15, 1 
15, 4, 0.0006532804691232741, 15, 1 
15, 4, 0.0006343811983242631, 15, 1 
15, 4, 0.000620466482359916, 15, 1 
15, 4, 0.0006062521133571863, 15, 1 
15, 4, 0.0006068939692340791, 15, 1 
15, 4, 0.0005953869549557567, 15, 1 
15, 4, 0.0006027856143191457, 15, 1 
15, 4, 0.000566796341445297, 15, 1 
15, 4, 0.0005546935135498643, 15, 1 
15, 4, 0.0005502639687620103, 15, 1 
15, 4, 0.0005292594432830811, 15, 1 
15, 4, 0.0005257603479549289, 15, 1 
15, 4, 0.0005105462041683495, 15, 1 
15, 4, 0.0005047855665907264, 15, 1 
15, 4, 0.0004982472164556384, 15, 1 
15, 4, 0.00048474950017407537, 15, 1 
15, 4, 0.0004796693683601916, 15, 1 
15, 4, 0.00046705533168278635, 15, 1 
15, 4, 0.00046214135363698006, 15, 1 
15, 4, 0.00045060564298182726, 15, 1 
15, 4, 0.0004444996011443436, 15, 1 
15, 4, 0.0004371863033156842, 15, 1 
15, 4, 0.00043034032569266856, 15, 1 
15, 4, 0.00043127097887918353, 15, 1 
15, 4, 0.0004170761676505208, 15, 1 
15, 4, 0.00041406837408430874, 15, 1 
15, 4, 0.00040531798731535673, 15, 1 
15, 4, 0.0004067879926878959, 15, 1 
15, 4, 0.0003979710745625198, 15, 1 
15, 4, 0.0003869231732096523, 15, 1 
15, 4, 0.0003895202244166285, 15, 1 
15, 4, 0.0003752411575987935, 15, 1 
15, 4, 0.00037351640639826655, 15, 1 
15, 4, 0.00037644131225533783, 15, 1 
15, 4, 0.0003718272491823882, 15, 1 
15, 4, 0.00035293970722705126, 15, 1 
15, 4, 0.00036290587740950286, 15, 1 
15, 4, 0.00035103020491078496, 15, 1 
15, 4, 0.00034949200926348567, 15, 1 
15, 4, 0.00033486567554064095, 15, 1 
15, 4, 0.00033081721630878747, 15, 1 
15, 4, 0.0003292069013696164, 15, 1 
15, 4, 0.00032193755032494664, 15, 1 
15, 4, 0.00032343404018320143, 15, 1 
16, 4, 0.017872927710413933, 16, 1 
16, 4, 0.014701500535011292, 16, 1 
16, 4, 0.014105984941124916, 16, 1 
16, 4, 0.01219981350004673, 16, 1 
16, 4, 0.0060090357437729836, 16, 1 
16, 4, 0.008376646786928177, 16, 1 
16, 4, 0.00727345235645771, 16, 1 
16, 4, 0.00459896819666028, 16, 1 
16, 4, 0.005707695614546537, 16, 1 
16, 4, 0.00459684431552887, 16, 1 
16, 4, 0.0037458441220223904, 16, 1 
16, 4, 0.003726096823811531, 16, 1 
16, 4, 0.003533648792654276, 16, 1 
16, 4, 0.0028513320721685886, 16, 1 
16, 4, 0.002951523521915078, 16, 1 
16, 4, 0.002696396317332983, 16, 1 
16, 4, 0.0024899174459278584, 16, 1 
16, 4, 0.002346829976886511, 16, 1 
16, 4, 0.002253018319606781, 16, 1 
16, 4, 0.0020857532508671284, 16, 1 
16, 4, 0.0020904196426272392, 16, 1 
16, 4, 0.0018720346270129085, 16, 1 
16, 4, 0.0018607319798320532, 16, 1 
16, 4, 0.0017722442280501127, 16, 1 
16, 4, 0.0016865174984559417, 16, 1 
16, 4, 0.0016492012655362487, 16, 1 
16, 4, 0.0015774788334965706, 16, 1 
16, 4, 0.0015100722666829824, 16, 1 
16, 4, 0.0015090078813955188, 16, 1 
16, 4, 0.0014254788402467966, 16, 1 
16, 4, 0.0014095153892412782, 16, 1 
16, 4, 0.001371463411487639, 16, 1 
16, 4, 0.0013132793828845024, 16, 1 
16, 4, 0.0012986230431124568, 16, 1 
16, 4, 0.0012396820820868015, 16, 1 
16, 4, 0.0012380637926980853, 16, 1 
16, 4, 0.0012008402263745666, 16, 1 
16, 4, 0.0011632851092144847, 16, 1 
16, 4, 0.001131629105657339, 16, 1 
16, 4, 0.0010892967693507671, 16, 1 
16, 4, 0.0010708804475143552, 16, 1 
16, 4, 0.0010308533674106002, 16, 1 
16, 4, 0.0010153187904506922, 16, 1 
16, 4, 0.000985151855275035, 16, 1 
16, 4, 0.0009613429429009557, 16, 1 
16, 4, 0.0009414262603968382, 16, 1 
16, 4, 0.000923608778975904, 16, 1 
16, 4, 0.0009030221845023334, 16, 1 
16, 4, 0.0008821514202281833, 16, 1 
16, 4, 0.000865223933942616, 16, 1 
16, 4, 0.000839240150526166, 16, 1 
16, 4, 0.0008310023695230484, 16, 1 
16, 4, 0.0008054933859966695, 16, 1 
16, 4, 0.0007949102437123656, 16, 1 
16, 4, 0.0007734128157608211, 16, 1 
16, 4, 0.0007635822403244674, 16, 1 
16, 4, 0.0007423147326335311, 16, 1 
16, 4, 0.0007274830131791532, 16, 1 
16, 4, 0.0007081363582983613, 16, 1 
16, 4, 0.0006994265131652355, 16, 1 
16, 4, 0.000680307624861598, 16, 1 
16, 4, 0.0006727995350956917, 16, 1 
16, 4, 0.0006565095391124487, 16, 1 
16, 4, 0.0006496626883745193, 16, 1 
16, 4, 0.0006370401824824512, 16, 1 
16, 4, 0.0006229730206541717, 16, 1 
16, 4, 0.0006196062895469368, 16, 1 
16, 4, 0.0006055001867935061, 16, 1 
16, 4, 0.0006110461545176804, 16, 1 
16, 4, 0.0005773961311206222, 16, 1 
16, 4, 0.0005915855290368199, 16, 1 
16, 4, 0.000556830782443285, 16, 1 
16, 4, 0.0005535586387850344, 16, 1 
16, 4, 0.0005423991242423654, 16, 1 
16, 4, 0.0005362957017496228, 16, 1 
16, 4, 0.0005279718898236752, 16, 1 
16, 4, 0.0005099671543575823, 16, 1 
16, 4, 0.0005055273650214076, 16, 1 
16, 4, 0.0004958893405273557, 16, 1 
16, 4, 0.00048732972936704755, 16, 1 
16, 4, 0.0004785073106177151, 16, 1 
16, 4, 0.00047085207188501954, 16, 1 
16, 4, 0.0004612572374753654, 16, 1 
16, 4, 0.00045835814671590924, 16, 1 
16, 4, 0.0004489219863899052, 16, 1 
16, 4, 0.00044030710705555975, 16, 1 
16, 4, 0.0004371415125206113, 16, 1 
16, 4, 0.00042677694000303745, 16, 1 
16, 4, 0.00042124383617192507, 16, 1 
16, 4, 0.0004158851515967399, 16, 1 
16, 4, 0.00041820440674200654, 16, 1 
16, 4, 0.00039960083086043596, 16, 1 
16, 4, 0.00039789738366380334, 16, 1 
16, 4, 0.0003854884998872876, 16, 1 
16, 4, 0.0003845120081678033, 16, 1 
16, 4, 0.0003764090361073613, 16, 1 
16, 4, 0.0003668359131552279, 16, 1 
16, 4, 0.0003600130439735949, 16, 1 
16, 4, 0.0003527225344441831, 16, 1 
16, 4, 0.0003433504025451839, 16, 1 
17, 4, 0.016514703631401062, 17, 1 
17, 4, 0.012611987069249153, 17, 1 
17, 4, 0.01266293041408062, 17, 1 
17, 4, 0.008475294336676598, 17, 1 
17, 4, 0.0091791320592165, 17, 1 
17, 4, 0.004749838728457689, 17, 1 
17, 4, 0.006410093512386084, 17, 1 
17, 4, 0.005164717324078083, 17, 1 
17, 4, 0.00441357446834445, 17, 1 
17, 4, 0.00380671676248312, 17, 1 
17, 4, 0.0033042854629456997, 17, 1 
17, 4, 0.0031733904033899307, 17, 1 
17, 4, 0.0033625608775764704, 17, 1 
17, 4, 0.002773171290755272, 17, 1 
17, 4, 0.003210083581507206, 17, 1 
17, 4, 0.0026229105424135923, 17, 1 
17, 4, 0.002772111911326647, 17, 1 
17, 4, 0.0022409402299672365, 17, 1 
17, 4, 0.002141579519957304, 17, 1 
17, 4, 0.0021803798153996468, 17, 1 
17, 4, 0.0018649449339136481, 17, 1 
17, 4, 0.0018538219155743718, 17, 1 
17, 4, 0.0018246674444526434, 17, 1 
17, 4, 0.0018536588177084923, 17, 1 
17, 4, 0.0019171200692653656, 17, 1 
17, 4, 0.0019007091177627444, 17, 1 
17, 4, 0.0015057200798764825, 17, 1 
17, 4, 0.0016917879693210125, 17, 1 
17, 4, 0.0025404116604477167, 17, 1 
17, 4, 0.0024923142045736313, 17, 1 
17, 4, 0.0026054424233734608, 17, 1 
17, 4, 0.002341386629268527, 17, 1 
17, 4, 0.0019148463616147637, 17, 1 
17, 4, 0.0033980906009674072, 17, 1 
17, 4, 0.010789196006953716, 17, 1 
17, 4, 0.02092433162033558, 17, 1 
17, 4, 0.010939449071884155, 17, 1 
17, 4, 0.0487329363822937, 17, 1 
17, 4, 0.020093906670808792, 17, 1 
17, 4, 0.032265424728393555, 17, 1 
17, 4, 0.011901981197297573, 17, 1 
17, 4, 0.008440655656158924, 17, 1 
17, 4, 0.010158679448068142, 17, 1 
17, 4, 0.005014591384679079, 17, 1 
17, 4, 0.005544717889279127, 17, 1 
17, 4, 0.004038974177092314, 17, 1 
17, 4, 0.004142844118177891, 17, 1 
17, 4, 0.0025432617403566837, 17, 1 
17, 4, 0.0022777370177209377, 17, 1 
17, 4, 0.0022257158998399973, 17, 1 
17, 4, 0.0022191458847373724, 17, 1 
17, 4, 0.002052114112302661, 17, 1 
17, 4, 0.0015828205505385995, 17, 1 
17, 4, 0.0015593114076182246, 17, 1 
17, 4, 0.0014041065005585551, 17, 1 
17, 4, 0.001532251131720841, 17, 1 
17, 4, 0.0013013764983043075, 17, 1 
17, 4, 0.0011536923702806234, 17, 1 
17, 4, 0.0010500315111130476, 17, 1 
17, 4, 0.0010006065713241696, 17, 1 
17, 4, 0.0009399481350556016, 17, 1 
17, 4, 0.0009819238912314177, 17, 1 
17, 4, 0.000942076847422868, 17, 1 
17, 4, 0.0010307375341653824, 17, 1 
17, 4, 0.0008436713251285255, 17, 1 
17, 4, 0.000985797611065209, 17, 1 
17, 4, 0.0009545438224449754, 17, 1 
17, 4, 0.0008827208657748997, 17, 1 
17, 4, 0.0009638717747293413, 17, 1 
17, 4, 0.0008022238616831601, 17, 1 
17, 4, 0.0009348681778647006, 17, 1 
17, 4, 0.0008390462026000023, 17, 1 
17, 4, 0.000952396891079843, 17, 1 
17, 4, 0.0008292479906231165, 17, 1 
17, 4, 0.0008075631340034306, 17, 1 
17, 4, 0.0007842216291464865, 17, 1 
17, 4, 0.000732923683244735, 17, 1 
17, 4, 0.0006913114339113235, 17, 1 
17, 4, 0.000656699703540653, 17, 1 
17, 4, 0.0006482246099039912, 17, 1 
17, 4, 0.0006374954245984554, 17, 1 
17, 4, 0.0006100270547904074, 17, 1 
17, 4, 0.0006087474757805467, 17, 1 
17, 4, 0.0006380382692441344, 17, 1 
17, 4, 0.0005604438483715057, 17, 1 
17, 4, 0.000581093889195472, 17, 1 
17, 4, 0.0005769782001152635, 17, 1 
17, 4, 0.0005951228667981923, 17, 1 
17, 4, 0.0005663101910613477, 17, 1 
17, 4, 0.0005682712071575224, 17, 1 
17, 4, 0.0005371954757720232, 17, 1 
17, 4, 0.0005600497825071216, 17, 1 
17, 4, 0.000517748121637851, 17, 1 
17, 4, 0.0005520416889339685, 17, 1 
17, 4, 0.0005338827613741159, 17, 1 
17, 4, 0.0004965899861417711, 17, 1 
17, 4, 0.0004777187423314899, 17, 1 
17, 4, 0.00048389495350420475, 17, 1 
17, 4, 0.0004730404762085527, 17, 1 
17, 4, 0.0004600789397954941, 17, 1 
18, 4, 0.015406299382448196, 18, 1 
18, 4, 0.012156304903328419, 18, 1 
18, 4, 0.008388206362724304, 18, 1 
18, 4, 0.009092060849070549, 18, 1 
18, 4, 0.0074725281447172165, 18, 1 
18, 4, 0.005396964494138956, 18, 1 
18, 4, 0.003965435549616814, 18, 1 
18, 4, 0.003903317730873823, 18, 1 
18, 4, 0.003379210364073515, 18, 1 
18, 4, 0.0028829744551330805, 18, 1 
18, 4, 0.0028345640748739243, 18, 1 
18, 4, 0.00238351640291512, 18, 1 
18, 4, 0.002182412426918745, 18, 1 
18, 4, 0.0020786570385098457, 18, 1 
18, 4, 0.001937809051014483, 18, 1 
18, 4, 0.001907083671540022, 18, 1 
18, 4, 0.0017229601508006454, 18, 1 
18, 4, 0.0016866610385477543, 18, 1 
18, 4, 0.0015856744721531868, 18, 1 
18, 4, 0.0015791221521794796, 18, 1 
18, 4, 0.0015100701712071896, 18, 1 
18, 4, 0.0014716372825205326, 18, 1 
18, 4, 0.001418557483702898, 18, 1 
18, 4, 0.0013819321757182479, 18, 1 
18, 4, 0.0013270938070490956, 18, 1 
18, 4, 0.0012860075803473592, 18, 1 
18, 4, 0.0012483862228691578, 18, 1 
18, 4, 0.0012509877560660243, 18, 1 
18, 4, 0.0011372059816494584, 18, 1 
18, 4, 0.0011687316000461578, 18, 1 
18, 4, 0.0011495472863316536, 18, 1 
18, 4, 0.0011871514143422246, 18, 1 
18, 4, 0.0011426621349528432, 18, 1 
18, 4, 0.0010744467144832015, 18, 1 
18, 4, 0.0009957331931218505, 18, 1 
18, 4, 0.0009783143177628517, 18, 1 
18, 4, 0.0009236608166247606, 18, 1 
18, 4, 0.0009467809577472508, 18, 1 
18, 4, 0.0009096581488847733, 18, 1 
18, 4, 0.0008677882142364979, 18, 1 
18, 4, 0.0008385773398913443, 18, 1 
18, 4, 0.0008448450244031847, 18, 1 
18, 4, 0.0008897566003724933, 18, 1 
18, 4, 0.0007830586982890964, 18, 1 
18, 4, 0.0007287958869710565, 18, 1 
18, 4, 0.0007167357252910733, 18, 1 
18, 4, 0.0006888207863084972, 18, 1 
18, 4, 0.0006872215890325606, 18, 1 
18, 4, 0.0006995087605901062, 18, 1 
18, 4, 0.0006552035920321941, 18, 1 
18, 4, 0.000671663845423609, 18, 1 
18, 4, 0.0006417073309421539, 18, 1 
18, 4, 0.0006511944229714572, 18, 1 
18, 4, 0.0006053202669136226, 18, 1 
18, 4, 0.000596998434048146, 18, 1 
18, 4, 0.0006506481440737844, 18, 1 
18, 4, 0.0006213249289430678, 18, 1 
18, 4, 0.0005893908673897386, 18, 1 
18, 4, 0.000605243316385895, 18, 1 
18, 4, 0.0006631868309341371, 18, 1 
18, 4, 0.0005760883213952184, 18, 1 
18, 4, 0.0005542293656617403, 18, 1 
18, 4, 0.0005278054159134626, 18, 1 
18, 4, 0.00048693694407120347, 18, 1 
18, 4, 0.00046242959797382355, 18, 1 
18, 4, 0.00047570440801791847, 18, 1 
18, 4, 0.00044949419680051506, 18, 1 
18, 4, 0.00042012546327896416, 18, 1 
18, 4, 0.0004306609043851495, 18, 1 
18, 4, 0.0004419574106577784, 18, 1 
18, 4, 0.00041031924774870276, 18, 1 
18, 4, 0.00043589030974544585, 18, 1 
18, 4, 0.0004363725893199444, 18, 1 
18, 4, 0.00041660034912638366, 18, 1 
18, 4, 0.00041147490264847875, 18, 1 
18, 4, 0.0003760766994673759, 18, 1 
18, 4, 0.0003921341267414391, 18, 1 
18, 4, 0.00037640606751665473, 18, 1 
18, 4, 0.0004219491092953831, 18, 1 
18, 4, 0.00040298805106431246, 18, 1 
18, 4, 0.0004522344097495079, 18, 1 
18, 4, 0.00040994567098096013, 18, 1 
18, 4, 0.0003356338129378855, 18, 1 
18, 4, 0.0003515406569931656, 18, 1 
18, 4, 0.00033035146770998836, 18, 1 
18, 4, 0.00033588497899472713, 18, 1 
18, 4, 0.0003231008886359632, 18, 1 
18, 4, 0.00031431432580575347, 18, 1 
18, 4, 0.00035028738784603775, 18, 1 
18, 4, 0.00036838851519860327, 18, 1 
18, 4, 0.00042964486056007445, 18, 1 
18, 4, 0.0003618708287831396, 18, 1 
18, 4, 0.000316637713694945, 18, 1 
18, 4, 0.0002982285514008254, 18, 1 
18, 4, 0.0002807814453262836, 18, 1 
18, 4, 0.00027543032774701715, 18, 1 
18, 4, 0.0002521903661545366, 18, 1 
18, 4, 0.0002768413396552205, 18, 1 
18, 4, 0.00028033784474246204, 18, 1 
18, 4, 0.00024930358631536365, 18, 1 
