time,Bearing 1,Bearing 2,Bearing 3,Bearing 4
2004-02-12 10:52:39,0.0602364373260413,0.07422662239367156,0.08392607060891645,0.04444308804140828
2004-02-12 11:02:39,0.06145544216026173,0.07384408418379804,0.08445744421114311,0.04508140045900679
2004-02-12 11:12:39,0.06136075980272474,0.07560876995947069,0.08283680843791201,0.04511836515454856
2004-02-12 11:22:39,0.06166482738414962,0.07327862688607842,0.08487924215049562,0.04417222520630891
2004-02-12 11:32:39,0.06194389374481176,0.07459290004394746,0.08262630011231017,0.04465857707895894
2004-02-12 11:42:39,0.061230528834415744,0.07417159040968797,0.0820219248986767,0.04384008008203526
2004-02-12 11:52:39,0.06227974998779238,0.0758077542848772,0.08437228380292007,0.044272230089359835
2004-02-12 12:02:39,0.059890277845597924,0.0751147516968602,0.08450603056789883,0.04397397333854192
2004-02-12 12:12:39,0.062371258362224714,0.07550495629669417,0.08223799990233899,0.044170809121539145
2004-02-12 12:22:39,0.060837052590458525,0.07464759021436593,0.08055198007715221,0.04360154304409395
2004-02-12 12:32:39,0.06109014112017189,0.0748322183700376,0.08078705014893306,0.043524488500415064
2004-02-12 12:42:39,0.06259866204404513,0.07548815860149423,0.08062556765467063,0.044679281214903076
2004-02-12 12:52:39,0.062340690463401544,0.07560125006103814,0.08039816397285024,0.04424551980077152
2004-02-12 13:02:39,0.06162976707847063,0.07528429122515748,0.08099931637286976,0.04468836368963328
2004-02-12 13:12:39,0.06188495532008399,0.07599184530494653,0.08330416524244348,0.04454856194150106
2004-02-12 13:22:39,0.06124630108892035,0.07403252111919528,0.08016592607060893,0.04348210361834074
2004-02-12 13:32:39,0.06147629278773378,0.07533194980223644,0.08176219541969824,0.04415615996874848
2004-02-12 13:42:39,0.0618432540651399,0.07581947360710972,0.08151184139850579,0.04355427511108941
2004-02-12 13:52:39,0.06221309634259485,0.0759205527613653,0.08089569803213048,0.04392480101567459
2004-02-12 14:02:39,0.06262576297670784,0.07640636749841301,0.0822937643439621,0.04376580887738659
2004-02-12 14:12:39,0.06251403877142438,0.07490766150690953,0.08181249084427951,0.04342741344792226
2004-02-12 14:22:39,0.0626069144001172,0.0765010010254407,0.08113311196835783,0.04504121294985107
2004-02-12 14:32:39,0.06244855705845012,0.07664822501098686,0.08357327017920797,0.044517115093510425
2004-02-12 14:42:39,0.0613288734801504,0.07514195029054153,0.08256545729771961,0.04414287807021827
2004-02-12 14:52:39,0.061452024024610585,0.0766623370281752,0.08087235704868401,0.043867278675716596
2004-02-12 15:02:39,0.06127867571658772,0.07556155085697545,0.08216592607060891,0.044179793935250754
2004-02-12 15:12:39,0.061906343083158365,0.07515347429073686,0.08251682211045462,0.04384457248889106
2004-02-12 15:22:39,0.06188978954050491,0.07588436935397236,0.08026402656379705,0.043732604131061094
2004-02-12 15:32:39,0.061728355876751795,0.07564549050246595,0.08135905073489917,0.04327818741149471
2004-02-12 15:42:39,0.06321094780018556,0.07551774989013137,0.08134772205674105,0.04509233849309049
2004-02-12 15:52:39,0.060691440011719326,0.07611431222227649,0.0800685580350603,0.04403042140729528
2004-02-12 16:02:39,0.06227061868255286,0.0764436251770106,0.08200849650861859,0.044522339958005766
2004-02-12 16:12:39,0.061526783534352265,0.07732325797158066,0.08342111431222228,0.044206992528932086
2004-02-12 16:22:39,0.06150861858489184,0.0758037990136237,0.07935548610772011,0.04417452024024611
2004-02-12 16:32:39,0.06063054836661946,0.07618570242687632,0.08223721861419014,0.044368768006250316
2004-02-12 16:42:39,0.0626841642658333,0.07653127594120807,0.08133273109038527,0.0447903217930563
2004-02-12 16:52:39,0.06121915132574833,0.07574818106352849,0.08236495922652473,0.044375555447043316
2004-02-12 17:02:39,0.06141310610869672,0.07675887494506567,0.08168191806240539,0.04503310708530691
2004-02-12 17:12:39,0.06158030177254749,0.07701704184774648,0.08199179647443723,0.04467517945212169
2004-02-12 17:22:39,0.06191654865960252,0.07582762830216319,0.0810838419844719,0.0441920015625763
2004-02-12 17:32:39,0.06114947018897407,0.07548727965232678,0.07966375311294496,0.043656916841642655
2004-02-12 17:42:39,0.06146056936373847,0.07510537623907418,0.07857366082328238,0.0442073831730065
2004-02-12 17:52:39,0.061383368328531675,0.07671385321548904,0.0818430099125934,0.04396928560964891
2004-02-12 18:02:39,0.06011616778162997,0.0753441085990527,0.08125401630939012,0.044294252649055135
2004-02-12 18:12:39,0.06226231749597149,0.07608550222178818,0.08218594657942284,0.044432198837833885
2004-02-12 18:22:39,0.06079369109819816,0.07491440011719323,0.08278465745397726,0.04428482836075981
2004-02-12 18:32:39,0.06178412031837492,0.07634239953122712,0.08128546315738074,0.04467703501147517
2004-02-12 18:42:39,0.060624639874993905,0.07473821963963084,0.07950686068655696,0.04378451096244934
2004-02-12 18:52:39,0.06151267151716393,0.07669407685922165,0.08101352605107673,0.04453952829728014
2004-02-12 19:02:39,0.061635870892133404,0.0762844865471947,0.08007456418770449,0.044700913130523955
2004-02-12 19:12:39,0.06239308559988281,0.0759687484740466,0.08021128961375067,0.04393212559206993
2004-02-12 19:22:39,0.06057722545046146,0.07613955759558573,0.07999472630499535,0.045379510718296795
2004-02-12 19:32:39,0.06034889398896431,0.07478958933541677,0.0813264319546853,0.04391186093070951
2004-02-12 19:42:39,0.06146183895698032,0.07621260803750184,0.08161721763757997,0.0447064309780751
2004-02-12 19:52:39,0.060919673812197865,0.07606221006885104,0.08022632941061575,0.0438696713706724
2004-02-12 20:02:39,0.06096616045705357,0.07527335319107378,0.07948225010986865,0.043128961375067144
2004-02-12 20:12:39,0.06019703110503442,0.07481258850529811,0.07934703842961081,0.042922261829190886
2004-02-12 20:22:39,0.06161287172225206,0.0769913081693442,0.0814636456858245,0.043104643781434644
2004-02-12 20:32:39,0.062087406611650964,0.07583138825137946,0.08092773084623273,0.044375701938571224
2004-02-12 20:42:39,0.060778895453879586,0.07588881293031886,0.08136720542995263,0.04335421651447825
2004-02-12 20:52:39,0.06226422188583427,0.07571717369012158,0.08127784559792958,0.045160212901020555
2004-02-12 21:02:39,0.06065432882464965,0.0763487474974364,0.07916695151130425,0.04433741881927829
2004-02-12 21:12:39,0.0608365642853655,0.07514693100249037,0.08072527955466577,0.043989159626934914
2004-02-12 21:22:39,0.060678792909810056,0.07604331266175107,0.07927486693686216,0.04434591532789687
2004-02-12 21:32:39,0.060815078861272534,0.0761584550026857,0.08137042824356659,0.04371976170711461
2004-02-12 21:42:39,0.060510962449338346,0.07613301430733922,0.08050012207627326,0.043659700180672896
2004-02-12 21:52:39,0.06051569900874067,0.07633063137848527,0.08049387177108255,0.04317676644367401
2004-02-12 22:02:39,0.06074896235167734,0.07604946530592313,0.0805918257727428,0.04435997851457591
2004-02-12 22:12:39,0.05940265637970604,0.07486503247228869,0.0798321695395283,0.04402304800039064
2004-02-12 22:22:39,0.06052702768689878,0.07673377606328434,0.08193280921920015,0.04424219932613897
2004-02-12 22:32:39,0.06077078958933542,0.07572293569021925,0.08063118316324039,0.04505122320425802
2004-02-12 22:42:39,0.06174183309731921,0.07780155281019582,0.0811631427315787,0.04440246105766883
2004-02-12 22:52:39,0.06189354948972118,0.07697353386395821,0.08186283509937009,0.04470989794423556
2004-02-12 23:02:39,0.061243371258362225,0.0754635480248059,0.07919278285072512,0.04467718150300307
2004-02-12 23:12:39,0.060408955515406024,0.07673021143610528,0.08058205967088237,0.044153620782264764
2004-02-12 23:22:39,0.06159534156941257,0.07602373162752087,0.08013433273109039,0.043750085453391284
2004-02-12 23:32:39,0.06002387811904878,0.07503813662776504,0.07704360564480688,0.04395243908393965
2004-02-12 23:42:39,0.06083685726842131,0.07633165681918062,0.08231607988671322,0.0445761023487475
2004-02-12 23:52:39,0.060481371160701215,0.07487987694711656,0.08100400410176277,0.04337003759949217
2004-02-13 00:02:39,0.05913394208701597,0.07498149323697445,0.07953000634796621,0.044441037160017585
2004-02-13 00:12:39,0.06067820694369843,0.07566306948581474,0.07993710630401875,0.04406064749255335
2004-02-13 00:22:39,0.0607328482836076,0.07454006543288245,0.07784852776014453,0.0445430929244592
2004-02-13 00:32:39,0.061104594950925344,0.07638942331168513,0.07802304800039064,0.04366516919771474
2004-02-13 00:42:39,0.06074764392792618,0.07522764783436692,0.07877122906391913,0.04457981346745447
2004-02-13 00:52:39,0.06091508374432345,0.07495073001611408,0.07895307388056058,0.043507202500122084
2004-02-13 01:02:39,0.058880218760681675,0.07451008350017091,0.07851525953415694,0.044342936666829445
2004-02-13 01:12:39,0.06084139850578642,0.07619126910493676,0.08101245177987207,0.044847697641486405
2004-02-13 01:22:39,0.06119073196933444,0.07577186386054006,0.08181571365789345,0.043840421895600376
2004-02-13 01:32:39,0.062057620000976615,0.07565369402802871,0.07986786464182821,0.043573026026661466
2004-02-13 01:42:39,0.06005605742467895,0.07526632159773426,0.0810239269495581,0.04422452268177157
2004-02-13 01:52:39,0.06057873919624981,0.07536940280287123,0.08169432101176816,0.04352429317837785
2004-02-13 02:02:39,0.059355290785682906,0.07500517603398603,0.07893310220225597,0.0441036671712486
2004-02-13 02:12:39,0.06148410566922213,0.07577635626739587,0.08110391132379512,0.043932320914107134
2004-02-13 02:22:39,0.06068133209629376,0.07605029542458129,0.07910474144245325,0.04401606523756043
2004-02-13 02:32:39,0.061475413838566334,0.07594565164314665,0.07998090727086284,0.04449279749987793
2004-02-13 02:42:39,0.06037028175203868,0.07639586893891304,0.07926002246203427,0.044407246447580456
2004-02-13 02:52:39,0.06107139020459983,0.07549738756775233,0.07822232530885297,0.0448785096928561
2004-02-13 03:02:39,0.059843156404121294,0.07583763855657015,0.07918467698618098,0.04427281605547146
2004-02-13 03:12:39,0.061094780018555596,0.07534572000585966,0.07944723863469896,0.04394716538893501
2004-02-13 03:22:39,0.06035441183651546,0.07573397138532155,0.079269349089311,0.0444347380243176
2004-02-13 03:32:39,0.06018081937594609,0.07585790321793057,0.07996962742321403,0.04399873040675815
2004-02-13 03:42:39,0.0602649055129645,0.07666038380780311,0.07849206504223838,0.0441522535280043
2004-02-13 03:52:39,0.060676400214854244,0.07592524049025831,0.0785448996533034,0.0442118755798623
2004-02-13 04:02:39,0.06119356413887397,0.07642443478685483,0.07967625372332633,0.04461506909517067
2004-02-13 04:12:39,0.060406367498413015,0.07535934371795498,0.07891977147321647,0.04387265003173983
2004-02-13 04:22:39,0.05983588065823527,0.07574739977537966,0.08042340934615948,0.043632794570047366
2004-02-13 04:32:39,0.05987435909956541,0.07529342253039698,0.078849895014405,0.04390624542213976
2004-02-13 04:42:39,0.061043752136334783,0.0754125201425851,0.07981307681039113,0.04498344645734655
2004-02-13 04:52:39,0.060097612188095124,0.07588119537086772,0.07928375408955514,0.044053176424630115
2004-02-13 05:02:39,0.06013662776502759,0.07423126129205526,0.07921802822403438,0.04362551882416134
2004-02-13 05:12:39,0.061293813174471405,0.07660627960349627,0.08179481419991211,0.04500556667806046
2004-02-13 05:22:39,0.05982909321744226,0.07541559646467114,0.07946764978758727,0.0439756824063675
2004-02-13 05:32:39,0.060349235802529426,0.07615669710435079,0.07818433517261586,0.04350061038136629
2004-02-13 05:42:39,0.05949455539821281,0.07474515357195176,0.07967058938424727,0.04406787440793008
2004-02-13 05:52:39,0.06227354851311099,0.0756756677572147,0.08063938668880317,0.04451242736461742
2004-02-13 06:02:39,0.06069500463889839,0.07551804287318717,0.0809888178133698,0.04384979735338639
2004-02-13 06:12:39,0.06114947018897407,0.0770264173055325,0.07985126226866546,0.04478070218272377
2004-02-13 06:22:39,0.06068030665559842,0.0753729674300503,0.080427852922506,0.044108989696762545
2004-02-13 06:32:39,0.0605913862981591,0.07610049318814396,0.07806118462815569,0.044237951071829686
2004-02-13 06:42:39,0.0612516724449436,0.07606753259436497,0.08086913423507008,0.04319927730846233
2004-02-13 06:52:39,0.061404804922115336,0.0751655842570438,0.08101772547487669,0.04421534254602276
2004-02-13 07:02:39,0.0622052346305972,0.07613985057864153,0.07911997656135553,0.04429034620831095
2004-02-13 07:12:39,0.06033820010742713,0.07435656037892475,0.07949494604228723,0.043417207871478104
2004-02-13 07:22:39,0.060593290688021884,0.07682880023438644,0.07929752429317836,0.04369915523218908
2004-02-13 07:32:39,0.060206064749255335,0.07510762244250208,0.0782049416475414,0.04305561795009522
2004-02-13 07:42:39,0.05997924703354656,0.07509644025587188,0.0792119244103716,0.04393407881244202
2004-02-13 07:52:39,0.06020879925777626,0.07533053371746667,0.07936696127740614,0.04430660676790859
2004-02-13 08:02:39,0.05925743444504126,0.07493930367693735,0.07802900532252552,0.043765760046877294
2004-02-13 08:12:39,0.060106792323843944,0.07615327896869965,0.08112373651057181,0.043833048488695736
2004-02-13 08:22:39,0.05988095121832122,0.07545656526197568,0.08152033790712437,0.04397299672835588
2004-02-13 08:32:39,0.06005459250939988,0.07500595732213487,0.07903198398359296,0.04359729478978466
2004-02-13 08:42:39,0.06054812246691733,0.07563240392597294,0.08204297084818596,0.043507348991649986
2004-02-13 08:52:39,0.061008838322183706,0.07621690512232042,0.08019874017286002,0.04410776893402999
2004-02-13 09:02:39,0.06148542409297329,0.07523946481761805,0.08092621710044436,0.0435982225694614
2004-02-13 09:12:39,0.0613309243615411,0.07666331363836125,0.08045803017725474,0.04443507983788272
2004-02-13 09:22:39,0.060147761121148495,0.07611348210361835,0.07976722496215637,0.0439912105083256
2004-02-13 09:32:39,0.061197958884711176,0.07671976170711461,0.08006548171297427,0.04465501245177987
2004-02-13 09:42:39,0.05939259729478978,0.0755651154841545,0.07714697983299966,0.04284012891254456
2004-02-13 09:52:39,0.060433321939547834,0.07583890814981202,0.0777283558767518,0.043916988134186236
2004-02-13 10:02:39,0.06097573123687681,0.07578075101323307,0.07987616582840959,0.044015381610430206
2004-02-13 10:12:39,0.060270521021534254,0.0757105327408565,0.08010269056106256,0.044152741833097316
2004-02-13 10:22:39,0.06063450363787295,0.07650832560183601,0.08095429464329314,0.043819424776600426
2004-02-13 10:32:39,0.059841056692221305,0.07508105864544168,0.0805321060598662,0.043946725914351295
2004-02-13 10:42:39,0.05975350358904243,0.0766269837394404,0.08240373065091071,0.04365921187557987
2004-02-13 10:52:39,0.06006631183163241,0.07580458030177255,0.07954631573807315,0.04369490697787979
2004-02-13 11:02:39,0.05967386102837053,0.07593227208359783,0.07858313394208702,0.04497670784706285
2004-02-13 11:12:39,0.059919673812197864,0.07487865618438401,0.07799311489818839,0.04364168172274037
2004-02-13 11:22:39,0.06045612578739197,0.07606860686556961,0.0796775233165682,0.04346891938082915
2004-02-13 11:32:39,0.059075638458909126,0.07513662776502758,0.07808950632355094,0.043891498608330484
2004-02-13 11:42:39,0.0619912105083256,0.07543327310903854,0.08012178329019973,0.04445588163484546
2004-02-13 11:52:39,0.060446017871966407,0.07625025636017384,0.07950993700864299,0.04384374237023292
2004-02-13 12:02:39,0.060247961326236645,0.07575150153816104,0.08077620977586795,0.04486576492992822
2004-02-13 12:12:39,0.060386346989599105,0.0753334147175155,0.07877816299624006,0.043779627911519126
2004-02-13 12:22:39,0.06108115630646028,0.07512271106987646,0.07751154841544997,0.043417891498608335
2004-02-13 12:32:39,0.06137570193857122,0.07686288392987937,0.08169436984227745,0.0444745348893989
2004-02-13 12:42:39,0.06201181698325114,0.07615376727379267,0.07753435226329411,0.043977196152155874
2004-02-13 12:52:39,0.06046984716050589,0.07479002881000049,0.07949846183895698,0.043395673616875824
2004-02-13 13:02:39,0.0609866204404512,0.07550686068655696,0.07921841886810879,0.04379554665755164
2004-02-13 13:12:39,0.06028204502172958,0.07526822598759704,0.0778191317935446,0.044394550515161876
2004-02-13 13:22:39,0.06189384247277699,0.0766955417745007,0.07940553737975488,0.04418999951169491
2004-02-13 13:32:39,0.060447971092338494,0.07519341764734608,0.07711533766297182,0.04430191903901558
2004-02-13 13:42:39,0.06085819620098638,0.07632775037843645,0.08089633282875142,0.043892719371063045
2004-02-13 13:52:39,0.06000839884759998,0.07529884271692953,0.07659338834904049,0.04344914302456175
2004-02-13 14:02:39,0.06126466136041799,0.07548601005908492,0.07889071732018166,0.042973338541921
2004-02-13 14:12:39,0.060608574637433466,0.07592358025294203,0.07982118267493529,0.043907515015381614
2004-02-13 14:22:39,0.0610793495776161,0.07608232823868354,0.07982875140387714,0.04389906733727233
2004-02-13 14:32:39,0.06134425509058059,0.07599028272864887,0.07890658723570486,0.04430758337809464
2004-02-13 14:42:39,0.06113921578202061,0.07668011133356122,0.07909780751013232,0.044933688168367604
2004-02-13 14:52:39,0.060455149177205916,0.07480189462376094,0.07760115240001952,0.043132770154792714
2004-02-13 15:02:39,0.06176014453830754,0.07551027882220812,0.07877552614873774,0.04368396894379609
2004-02-13 15:12:39,0.0600307632208604,0.07533780946335271,0.07708979930660677,0.04355144294154988
2004-02-13 15:22:39,0.05960222667122418,0.07550661653401046,0.07768103911323795,0.04305210215342547
2004-02-13 15:32:39,0.060471800380877974,0.0751483470872601,0.07687216172664682,0.04409277796767421
2004-02-13 15:42:39,0.05972952780897505,0.0758455490990771,0.07828961375067142,0.04394994872796524
2004-02-13 15:52:39,0.06158918892524049,0.0759712876605303,0.07809521949313931,0.043979686508130285
2004-02-13 16:02:39,0.0596377264514869,0.07534347380243175,0.07792377557497926,0.04399033155915817
2004-02-13 16:12:39,0.05942506958347575,0.07495746862639778,0.07772601201230529,0.04444548073636408
2004-02-13 16:22:39,0.06048405683871283,0.075055422628058,0.07599140583036282,0.04383705259045852
2004-02-13 16:32:39,0.060222569461399485,0.0752604131061087,0.07716275208750427,0.0435785438742126
2004-02-13 16:42:39,0.0601918550710484,0.0755407490600127,0.07970965379168904,0.04394794667708384
2004-02-13 16:52:39,0.0594833243810733,0.07459397431515212,0.07718648371502515,0.04313052395136482
2004-02-13 17:02:39,0.061542262805801065,0.07548503344889888,0.0791278871038625,0.04415615996874848
2004-02-13 17:12:39,0.06007134137409053,0.07565188729918454,0.07982523560720739,0.043453879583964065
2004-02-13 17:22:39,0.061402949362761854,0.07582035255627716,0.07857493041652425,0.044122125103764835
2004-02-13 17:32:39,0.0603354655989062,0.07584833243810733,0.08101513745788368,0.04405469017041848
2004-02-13 17:42:39,0.06182040138678646,0.07587499389618635,0.07894721421944431,0.045660579129840326
2004-02-13 17:52:39,0.05926383124175985,0.07492626593095365,0.07682733531910738,0.043549294399140584
2004-02-13 18:02:39,0.06058284095903121,0.07573240880902388,0.07770071780848675,0.04430201670003419
2004-02-13 18:12:39,0.05959495092533815,0.07507856828946727,0.07706059866204405,0.04294150104985595
2004-02-13 18:22:39,0.06156018360271498,0.07494721421944431,0.07919268518970651,0.044726597978416924
2004-02-13 18:32:39,0.061164607646857765,0.07526768885199471,0.07671297426632159,0.04437692270130378
2004-02-13 18:42:39,0.060970848185946586,0.07533380536158993,0.076534498754822,0.04420626007129255
2004-02-13 18:52:39,0.061462180770545445,0.07542194443088042,0.08022398554616925,0.044666731774012404
2004-02-13 19:02:39,0.06008911567947654,0.07585878216709802,0.07877992089457493,0.04440793007471068
2004-02-13 19:12:39,0.05994228233800478,0.07579505835245862,0.08097040871136287,0.043320279310513216
2004-02-13 19:22:39,0.05924459202109479,0.07390434103227697,0.07851184139850578,0.042872259387665416
2004-02-13 19:32:39,0.060384003125152595,0.07593886420235364,0.07867410518091704,0.04408516040822306
2004-02-13 19:42:39,0.06047419307583378,0.07488895942184677,0.07774110063967966,0.04424737536012501
2004-02-13 19:52:39,0.06216949069778798,0.07611196835782998,0.07955881634845452,0.04398564383026515
2004-02-13 20:02:39,0.06053152009375458,0.07489555154060257,0.07781190487816789,0.044080277357292835
2004-02-13 20:12:39,0.06018555593534842,0.07594457737194199,0.07937365105718053,0.0433198398359295
2004-02-13 20:22:39,0.06093783876165828,0.07568948679134722,0.07927862688607842,0.04448859807607794
2004-02-13 20:32:39,0.059732604131061094,0.0743639826163387,0.07805200449240687,0.04423741393622736
2004-02-13 20:42:39,0.05966687826554032,0.07520718785096928,0.07732477171736901,0.0435098881781337
2004-02-13 20:52:39,0.05973997753796572,0.07457053567068705,0.0778523853703794,0.04391879486303043
2004-02-13 21:02:39,0.06089130328629328,0.0758717222520631,0.07716924654524147,0.04432565066653646
2004-02-13 21:12:39,0.06044831290590361,0.0760859905268812,0.07755891400947312,0.04485468040431662
2004-02-13 21:22:39,0.06067039406221007,0.07389311001513746,0.07586869476048635,0.0431410713413741
2004-02-13 21:32:39,0.05993666682943503,0.07388637140485375,0.07722393671565995,0.04331295473411788
2004-02-13 21:42:39,0.061666096977391484,0.07586893891303287,0.07893642267688851,0.04481293031886323
2004-02-13 21:52:39,0.060856389472142204,0.07540802773572929,0.07964368377362176,0.044140143561697355
2004-02-13 22:02:39,0.060806533522144636,0.07471536696127742,0.07854602275501733,0.04294423555837687
2004-02-13 22:12:39,0.06198134674544656,0.07591732994775134,0.08054997802627081,0.0447989647932028
2004-02-13 22:22:39,0.06102793105132087,0.07502705210215342,0.07840026368475024,0.04476532057229358
2004-02-13 22:32:39,0.0605473411787685,0.07524771717369012,0.07723174959714829,0.044763074368865674
2004-02-13 22:42:39,0.06128521900483422,0.07549699692367792,0.07961497143415207,0.04407319693344402
2004-02-13 22:52:39,0.06117046730797402,0.07468748474046585,0.07720601591874604,0.04407651740807657
2004-02-13 23:02:39,0.061740172860002926,0.07579437472532839,0.07843507983788271,0.0444303432784804
2004-02-13 23:12:39,0.061182528443771686,0.07475408955515407,0.07665667268909615,0.04377879779286098
2004-02-13 23:22:39,0.060833829776844574,0.07484340055666781,0.07778700131842375,0.04409004345915328
2004-02-13 23:32:39,0.059827677132672494,0.07488895942184676,0.07778329019971678,0.043488158601494215
2004-02-13 23:42:39,0.06106328434005566,0.07463772645148689,0.07796406074515358,0.04344767810928268
2004-02-13 23:52:39,0.061001318423751165,0.0741277894428439,0.07817281117242052,0.0436820645539333
2004-02-14 00:02:39,0.060415987108745545,0.07430914595439231,0.07807139020459984,0.04403994335660921
2004-02-14 00:12:39,0.05996152155866986,0.07468025782508911,0.07795102299916988,0.04355774207724986
2004-02-14 00:22:39,0.06019585917281118,0.0749798329996582,0.07762752087504272,0.04455652131451732
2004-02-14 00:32:39,0.0615253674495825,0.07555281019581035,0.07733111968357831,0.043913179354460666
2004-02-14 00:42:39,0.061171541579178666,0.07546174129596173,0.07898994091508374,0.0445032472288686
2004-02-14 00:52:39,0.060858538014551496,0.07505034425509059,0.07607031593339518,0.044690902876116996
2004-02-14 01:02:39,0.06123966013965527,0.07474940182626104,0.0790750036622882,0.04527682015723424
2004-02-14 01:12:39,0.060009180135748824,0.07506470042482544,0.07519776356267396,0.043814737047707414
2004-02-14 01:22:39,0.06150090336442209,0.07519600566433907,0.07856653156892426,0.04540646515943162
2004-02-14 01:32:39,0.060511792567996485,0.07535734166707359,0.07639420870159676,0.04338419844718981
2004-02-14 01:42:39,0.061437619024366424,0.0747794325894819,0.07651203672054299,0.04404775623809757
2004-02-14 01:52:39,0.06186835294692124,0.07502275501733484,0.07923765808877387,0.04385482689584452
2004-02-14 02:02:39,0.061623321451242746,0.07559553689144977,0.07744455295668734,0.04405327408564872
2004-02-14 02:12:39,0.0608874456760584,0.0751324283412276,0.07792323843937693,0.044743932809219206
2004-02-14 02:22:39,0.06074656965672152,0.07466844084183798,0.0775139411104058,0.043933541676839695
2004-02-14 02:32:39,0.061348356853361985,0.07480008789491675,0.07716275208750427,0.04366575516382636
2004-02-14 02:42:39,0.06020230480003907,0.07375438253820987,0.0778590263196445,0.04396655110112799
2004-02-14 02:52:39,0.06087904682845843,0.07506074515357196,0.0800353044582255,0.04515200937545779
2004-02-14 03:02:39,0.05948762146589189,0.07401997167830461,0.07606084281459057,0.04387279652326774
2004-02-14 03:12:39,0.06062649543434739,0.07596152155866985,0.07700385761023487,0.043997997949118614
2004-02-14 03:22:39,0.061269251428292405,0.07537438351482006,0.07968533619805654,0.0444216026173153
2004-02-14 03:32:39,0.05971468333414717,0.07554831778895454,0.08025958298745056,0.04459539039992187
2004-02-14 03:42:39,0.06078441330143074,0.07528141022510865,0.07698037013526052,0.04479085892865863
2004-02-14 03:52:39,0.06006308901801847,0.07486420235363055,0.08095009521949315,0.044784559792958645
2004-02-14 04:02:39,0.06012935201914157,0.07603842961082084,0.07788446701499097,0.04447263049953611
2004-02-14 04:12:39,0.0598299233361004,0.07448488695737097,0.07645065677035012,0.043972215440207046
2004-02-14 04:22:39,0.05994384491430246,0.07569461399482397,0.07683929879388642,0.04433072903950389
2004-02-14 04:32:39,0.061770496606279604,0.07520474632550417,0.07829034620831095,0.04390907759167929
2004-02-14 04:42:39,0.06061829190878461,0.07475731236876801,0.07776532057229356,0.04384144733629572
2004-02-14 04:52:39,0.06033282875140388,0.07493090482933737,0.07838541920992236,0.04432750622588994
2004-02-14 05:02:39,0.060553933297524294,0.07557278187411494,0.07812974266321598,0.044465061770594276
2004-02-14 05:12:39,0.060465891889252416,0.07552512329703599,0.07722808730895063,0.04400581083060697
2004-02-14 05:22:39,0.06080243175936325,0.07541085990526881,0.07755310317886614,0.04478748962351678
2004-02-14 05:32:39,0.05950158699155233,0.07415132574832756,0.07655700961961034,0.04358855412861957
2004-02-14 05:42:39,0.06172947897846574,0.07619288051174375,0.07889750476097465,0.04379300747106792
2004-02-14 05:52:39,0.06114287807021827,0.07547477904194541,0.07774481175838666,0.04441496166805021
2004-02-14 06:02:39,0.0610660676790859,0.07540993212559206,0.07711948825626251,0.04393979198203038
2004-02-14 06:12:39,0.06112612920552762,0.07449963377118023,0.07776092582645637,0.04427281605547146
2004-02-14 06:22:39,0.059735729283656426,0.07398408125396748,0.07868899848625423,0.043219786122369264
2004-02-14 06:32:39,0.05989345182870257,0.07513189120562529,0.0779340299819327,0.04352414668684995
2004-02-14 06:42:39,0.061932858049709466,0.07440016602373163,0.07837067239611309,0.044058987255237075
2004-02-14 06:52:39,0.061505102788222084,0.07512539674788808,0.07655495873821964,0.04380370135260511
2004-02-14 07:02:39,0.06124830313980175,0.07546452463499195,0.07843688656672688,0.04472029884271693
2004-02-14 07:12:39,0.06162610479027297,0.07490907759167928,0.07957790907759167,0.0439447726939792
2004-02-14 07:22:39,0.059835538844670154,0.07504653547536501,0.07857038917915915,0.043930904829337376
2004-02-14 07:32:39,0.06017232286732751,0.07479432589481907,0.07725430929244592,0.044604082230577664
2004-02-14 07:42:39,0.06105849895014404,0.07486893891303287,0.07751237853410811,0.04320010742712046
2004-02-14 07:52:39,0.061517456907075545,0.07474847404658433,0.07631251525953416,0.044900971727135114
2004-02-14 08:02:39,0.06023277503784365,0.0749537086771815,0.07716035939254848,0.04379813467454466
2004-02-14 08:12:39,0.06149709458469652,0.07462537233263343,0.07898745055910933,0.044156941256897314
2004-02-14 08:22:39,0.06152824844963133,0.0749227989647932,0.07754958738219639,0.04462517701059623
2004-02-14 08:32:39,0.06209185018799746,0.07499672835587674,0.07779623028468187,0.0441190487816788
2004-02-14 08:42:39,0.06052307241564529,0.07462937643439621,0.07594208701596758,0.043777284047072616
2004-02-14 08:52:39,0.061782167098002834,0.0744878656184384,0.07652873675472435,0.04412671517163924
2004-02-14 09:02:39,0.060193905952439085,0.07424034376678548,0.07496977391474192,0.04391679281214903
2004-02-14 09:12:39,0.061218028224034375,0.07487660530299332,0.07677059426729821,0.04394755603300943
2004-02-14 09:22:39,0.06075311294496802,0.07394491918550712,0.07776195126715173,0.0439072220323258
2004-02-14 09:32:39,0.06048308022852678,0.07282421016651204,0.0773312661751062,0.043430538600517606
2004-02-14 09:42:39,0.061141901460032226,0.07424219932613899,0.07856672689096147,0.04356369939938474
2004-02-14 09:52:39,0.061595439230431176,0.0750616729332487,0.07709658674739978,0.04441911226134089
2004-02-14 10:02:39,0.05991972264270717,0.07406972996728355,0.07582445431905856,0.04387265003173984
2004-02-14 10:12:39,0.06099589823721861,0.07573328775819131,0.07763294106157527,0.043547878314370826
2004-02-14 10:22:39,0.05991415596464672,0.07396367010107917,0.0765783973826847,0.0435739049758289
2004-02-14 10:32:39,0.06079999023389814,0.07574569070755408,0.07817119976561357,0.04419483373211583
2004-02-14 10:42:39,0.06012417598515553,0.07433380536158991,0.07587675179452122,0.04382367303090972
2004-02-14 10:52:39,0.06085687777723523,0.0757860247082377,0.07655368914497777,0.04438859319302701
2004-02-14 11:02:39,0.060176424630108895,0.07368255285902632,0.07877171736901216,0.04427540407246448
2004-02-14 11:12:39,0.06131510327652717,0.07515518335856243,0.08028512134381562,0.045101079154255576
2004-02-14 11:22:39,0.060546706382147576,0.07458508716245912,0.08114693100249036,0.045276038869085405
2004-02-14 11:32:39,0.06140490258313394,0.07510781776453929,0.07777147321646563,0.04475994921627033
2004-02-14 11:42:39,0.06031285707309927,0.07414898188388107,0.07788832462522584,0.044625372332633445
2004-02-14 11:52:39,0.061760095707798245,0.0742604131061087,0.07789921382880022,0.04464798085844035
2004-02-14 12:02:39,0.06099326138971629,0.0755851359929684,0.08157961814541725,0.04396811367742565
2004-02-14 12:12:39,0.06078329019971678,0.07511455637482299,0.07885712192978173,0.0450508325601836
2004-02-14 12:22:39,0.06141603593925485,0.07461106499340789,0.07801201230528836,0.04386483715025148
2004-02-14 12:32:39,0.0624501684652571,0.07529527808975049,0.07812656868011134,0.0444107622442502
2004-02-14 12:42:39,0.05945954392304312,0.07492167586307925,0.07887435909956542,0.04369017041847747
2004-02-14 12:52:39,0.060735289809072716,0.0741164119341765,0.07691659749011183,0.04458401289125446
2004-02-14 13:02:39,0.05992299428683042,0.0745100346696616,0.07786117486205382,0.04350520044924069
2004-02-14 13:12:39,0.061837638556570144,0.07426534498754822,0.07731246642902487,0.044158601494213585
2004-02-14 13:22:39,0.06068782655403096,0.07405630157722545,0.07536163875189218,0.04424566629229943
2004-02-14 13:32:39,0.06126578446213194,0.0743444015821085,0.07591903901557694,0.04414292690072758
2004-02-14 13:42:39,0.060817959861321366,0.07533839542946433,0.07693085599882807,0.04396323062649544
2004-02-14 13:52:39,0.059994433321939544,0.07371702719859367,0.07646774744860589,0.04402343864446506
2004-02-14 14:02:39,0.06110410664583232,0.07458186434884516,0.07541164119341764,0.04496576981297916
2004-02-14 14:12:39,0.06157493041652424,0.07598373944040236,0.07900302749157674,0.04422901508862738
2004-02-14 14:22:39,0.06203056789882319,0.07579779286097954,0.07846740563504077,0.044361736412910795
2004-02-14 14:32:39,0.06157703012842424,0.07433673519214805,0.07424439669905757,0.043741930758337814
2004-02-14 14:42:39,0.06044855705845012,0.0743422530396992,0.0751456614092485,0.04454719468724059
2004-02-14 14:52:39,0.06138986278626886,0.07482679818350506,0.07711362859514626,0.04419966795253675
2004-02-14 15:02:39,0.0608168367596074,0.07403242345817666,0.07729405732701793,0.04310537623907417
2004-02-14 15:12:39,0.061808877386591146,0.0747038429610821,0.07638913032862933,0.043783924996337716
2004-02-14 15:22:39,0.06015425557888569,0.0738788515064212,0.07736471507397823,0.043659260706089165
2004-02-14 15:32:39,0.0607393427413448,0.07443923043117338,0.07704751208555106,0.043800039064407444
2004-02-14 15:42:39,0.06031227110698765,0.0743329752429318,0.07573338541920992,0.0432625128180087
2004-02-14 15:52:39,0.061463694516333815,0.07450715366961277,0.07753747741588946,0.04393700864300015
2004-02-14 16:02:39,0.06158816348454515,0.07337492065042238,0.0775631622637824,0.04407637091654867
2004-02-14 16:12:39,0.06012315054446018,0.07559841789149861,0.07610737828995556,0.04431139215782021
2004-02-14 16:22:39,0.06139459934567119,0.07412969383270668,0.07672313101225646,0.044131598222569464
2004-02-14 16:32:39,0.06144567605840129,0.07515093510425314,0.07724161336002734,0.04396796718589775
2004-02-14 16:42:39,0.06029903803896676,0.07445529566873384,0.0773840031251526,0.0438675228282631
2004-02-14 16:52:39,0.0616865569607891,0.07524791249572733,0.07632286732750623,0.043965672151960546
2004-02-14 17:02:39,0.05988392987938865,0.07389481908296303,0.07854411836515456,0.044592460569363744
2004-02-14 17:12:39,0.06139992187118512,0.07527711314029005,0.07783260901411201,0.04399975584745349
2004-02-14 17:22:39,0.06159714829825676,0.07500581083060695,0.0763579276331852,0.043876263489428205
2004-02-14 17:32:39,0.06106089164509986,0.07420713902045999,0.07661204160359393,0.044145221934664775
2004-02-14 17:42:39,0.0603487474974364,0.07465828409590312,0.07744762927877337,0.043883685726842134
2004-02-14 17:52:39,0.05919727525758094,0.07445221934664778,0.07575892377557499,0.04450490746618487
2004-02-14 18:02:39,0.059458664973875676,0.07406631183163241,0.07527472044533425,0.0436444162312613
2004-02-14 18:12:39,0.06033575858196202,0.07416426583329262,0.07707104839103472,0.04311104057815324
2004-02-14 18:22:39,0.06131441964939695,0.07453567068704525,0.07630924361541092,0.043953659846672204
2004-02-14 18:32:39,0.05925919234337614,0.07471653889350065,0.07641501049855949,0.04420030274915767
2004-02-14 18:42:39,0.062384003125152604,0.07551794521216856,0.07792040626983739,0.04434947995507593
2004-02-14 18:52:39,0.0614059280238293,0.07477850480980518,0.07777767469114703,0.04470135260510767
2004-02-14 19:02:39,0.06193622735485131,0.0746931002490356,0.07734860100590848,0.0437857805556912
2004-02-14 19:12:39,0.06097285023682797,0.07502060647492552,0.07651550368670346,0.04483568533619806
2004-02-14 19:22:39,0.06081595781043996,0.07455764441623126,0.07550715366961278,0.04341862395624787
2004-02-14 19:32:39,0.060482982567508184,0.07414932369744616,0.07646652668587334,0.04388012109966308
2004-02-14 19:42:39,0.06090375506616534,0.07423970897016456,0.07803564627179062,0.043949509253381515
2004-02-14 19:52:39,0.0603199374969481,0.07222588993603204,0.07657312368768006,0.044353874700913135
2004-02-14 20:02:39,0.061468284584208215,0.07432506470042483,0.07799003857610236,0.044377020362322384
2004-02-14 20:12:39,0.060382880023438654,0.0743926461252991,0.07822886859709946,0.04404502172957665
2004-02-14 20:22:39,0.06199282191513257,0.07410645051027884,0.07753098295815225,0.04438244054885493
2004-02-14 20:32:39,0.06078412031837492,0.07299506811856048,0.07616333805361589,0.04441691488842229
2004-02-14 20:42:39,0.06076195126715172,0.07372010352067972,0.07565457297719616,0.04315723423995313
2004-02-14 20:52:39,0.059587626348942824,0.07294799550759314,0.07580243175936326,0.042929000439474584
2004-02-14 21:02:39,0.06047614629620587,0.07341813565115485,0.07752453733092436,0.04409272913716491
2004-02-14 21:12:39,0.06076654133502613,0.07454397187362663,0.0784345915327897,0.04413472337516481
2004-02-14 21:22:39,0.06055119878900337,0.07470091313052393,0.07612232042580204,0.044127252307241564
2004-02-14 21:32:39,0.06115181405342058,0.07454397187362664,0.07646613604179893,0.044148298256750824
2004-02-14 21:42:39,0.059999121050832556,0.07450505395771277,0.07451398994091508,0.0440154304409395
2004-02-14 21:52:39,0.06182464964109577,0.07521055715611114,0.0777331412666634,0.04369300258801699
2004-02-14 22:02:39,0.06158083890814981,0.07474891352116803,0.07702514771229065,0.04415113042629035
2004-02-14 22:12:39,0.06012114849357879,0.0743377606328434,0.07719820303725768,0.04374481175838665
2004-02-14 22:22:39,0.060929781727623415,0.07476248840275405,0.07607060891645101,0.043747448605888965
2004-02-14 22:32:39,0.06042311636310368,0.07419385712192977,0.0771697836808438,0.043537135602324334
2004-02-14 22:42:39,0.05945231700766639,0.07314536842619268,0.074777186386054,0.043355876751794524
2004-02-14 22:52:39,0.06060222667122418,0.07354382538209872,0.0766136041798916,0.04395995898237219
2004-02-14 23:02:39,0.061344548073636415,0.07410059084916257,0.0772695444113482,0.04440500024415255
2004-02-14 23:12:39,0.061220420918990194,0.07449177205918257,0.07816748864690659,0.044513110991747644
2004-02-14 23:22:39,0.06043366375311295,0.07491982030372576,0.07755759558572196,0.043832071878509696
2004-02-14 23:32:39,0.0609622540163094,0.07420674837638556,0.0766161433663753,0.04425777625860638
2004-02-14 23:42:39,0.06100610381366278,0.07480863323404463,0.0791499096635578,0.04415908979930661
2004-02-14 23:52:39,0.06059211875579863,0.0741037648322672,0.07568045314712632,0.043240587919332
2004-02-15 00:02:39,0.06161145563748231,0.07401484447482787,0.07642082132916646,0.04376864104692613
2004-02-15 00:12:39,0.059739782215928516,0.07379168904731678,0.07682240343766786,0.04359890619659163
2004-02-15 00:22:39,0.059271106987645886,0.07453737975487085,0.07442204209189902,0.04436281068411544
2004-02-15 00:32:39,0.059799892572879536,0.07396142389765124,0.07621656330875531,0.0439402314566141
2004-02-15 00:42:39,0.06127218125885053,0.07359958982372186,0.07682518677669807,0.04404594950925338
2004-02-15 00:52:39,0.0614368865667269,0.07438493090482935,0.07619493139313444,0.04355027100932664
2004-02-15 01:02:39,0.06003164217002784,0.07447155622833146,0.07934391327701547,0.04358152253528004
2004-02-15 01:12:39,0.06138029200644563,0.0746862639777333,0.07630709507300161,0.045300209971190004
2004-02-15 01:22:39,0.06080501977635627,0.07403989452609991,0.07529488744567606,0.04410991747643928
2004-02-15 01:32:39,0.06047507202500122,0.07332125592069924,0.07552673470384295,0.04383939645490503
2004-02-15 01:42:39,0.05992963523609551,0.0742341911226134,0.07569412568973095,0.04344250207529665
2004-02-15 01:52:39,0.06177425655549588,0.07341203183749205,0.07717032081644612,0.043475365008057036
2004-02-15 02:02:39,0.06113501635822061,0.0747746960300796,0.08004682845842082,0.0443621270569852
2004-02-15 02:12:39,0.06112036720542996,0.07309995605254162,0.07721714927486693,0.043957566287416386
2004-02-15 02:22:39,0.06075863079251917,0.07448737731334538,0.07856887543337077,0.043184774647199574
2004-02-15 02:32:39,0.059352263294106165,0.07282045021729576,0.07804160359392548,0.04332618780213878
2004-02-15 02:42:39,0.06045427022803848,0.07503940622100688,0.07728565847941794,0.044461008838322186
2004-02-15 02:52:39,0.06012398066311832,0.07376121880951218,0.07758293862004981,0.04332491820889692
2004-02-15 03:02:39,0.05987289418428635,0.07276058401289125,0.07561399482396601,0.04478446213194004
2004-02-15 03:12:39,0.05921177791884369,0.07470789589335416,0.07658494067093119,0.04351760339860345
2004-02-15 03:22:39,0.06146745446555008,0.07343327310903854,0.078218614190146,0.044429024854729236
2004-02-15 03:32:39,0.061618487230821826,0.07464470921431711,0.0759997558474535,0.04427760144538308
2004-02-15 03:42:39,0.06125391864837151,0.07375072025001221,0.07713574881586015,0.0436510571805264
2004-02-15 03:52:39,0.06140783241369208,0.07550168465257093,0.07806543288246497,0.04426451486889008
2004-02-15 04:02:39,0.06224415254651106,0.07488475999804678,0.07742292104106645,0.04331007373406905
2004-02-15 04:12:39,0.06187279652326774,0.07507993554372772,0.07688920357439327,0.043776746911470286
2004-02-15 04:22:39,0.06089452609990722,0.07432574832755506,0.0766623370281752,0.044263782411250556
2004-02-15 04:32:39,0.06062869280726598,0.0748607842179794,0.07718213779969724,0.044109673323892776
2004-02-15 04:42:39,0.06167019874017287,0.07392255481224669,0.07662063577323111,0.043782557742077254
2004-02-15 04:52:39,0.05880545925093999,0.07312974266321597,0.07420801796962744,0.0433574881586015
2004-02-15 05:02:39,0.06097724498266518,0.07406045217051613,0.07859514624737537,0.043699448215244886
2004-02-15 05:12:39,0.06090194833732116,0.07416675618926706,0.07702338981395576,0.04389774891352117
2004-02-15 05:22:39,0.059430001464915276,0.0731060598662044,0.07547829483861516,0.043438107329459456
2004-02-15 05:32:39,0.060442795058352455,0.07449333463548025,0.07761887787489624,0.04321915132574834
2004-02-15 05:42:39,0.05829293422530398,0.0726448068753357,0.07392846330387227,0.04350373553396163
2004-02-15 05:52:39,0.06083085111577714,0.07348713316079888,0.07521338932565066,0.04423790224132038
2004-02-15 06:02:39,0.0604590556179501,0.07384340055666781,0.07690981004931882,0.0444082230577665
2004-02-15 06:12:39,0.0603554372772108,0.0746666829435031,0.07570594267298209,0.04342360466819669
2004-02-15 06:22:39,0.06002553835636505,0.07251540602568485,0.07579222618291909,0.04363919136676596
2004-02-15 06:32:39,0.06029894037794815,0.07362879046828459,0.07803642755993946,0.04335265393818059
2004-02-15 06:42:39,0.05997973533863958,0.07331896088676206,0.07672791640216807,0.04467488646906587
2004-02-15 06:52:39,0.06074046584305874,0.07312910786659506,0.07670032716441233,0.04369720201181698
2004-02-15 07:02:39,0.06074906001269594,0.07522315542751111,0.076518824161336,0.044316275208750436
2004-02-15 07:12:39,0.06009292445920211,0.0739533668636164,0.07659885736608231,0.04355993945016847
2004-02-15 07:22:39,0.0600859416963719,0.07214038771424387,0.07531266175106206,0.044188974070999566
2004-02-15 07:32:39,0.06069407685922165,0.07408706479808586,0.07758142487426144,0.043647639044875244
2004-02-15 07:42:39,0.06073099272425411,0.07399394501684653,0.07720728551198788,0.04392690072757459
2004-02-15 07:52:39,0.060631036671712484,0.07376444162312613,0.07684940670931198,0.04333234044631086
2004-02-15 08:02:39,0.061345866497387574,0.07381722740368184,0.07601728600029298,0.04395532008398848
2004-02-15 08:12:39,0.060615655061282296,0.07312842423946483,0.07669480931686119,0.044382196396308415
2004-02-15 08:22:39,0.06035866009082475,0.07310298354411837,0.07549177205918259,0.04301792079691392
2004-02-15 08:32:39,0.060164119341764744,0.07440407246447579,0.07767801162166123,0.04445807900776405
2004-02-15 08:42:39,0.06154323941598711,0.07454367889057083,0.0768674739977538,0.04386879242150496
2004-02-15 08:52:39,0.06079193319986328,0.07352277943258949,0.07693442062600712,0.04400190438986279
2004-02-15 09:02:39,0.060599736315249765,0.07446735680453147,0.0782932272083598,0.04369222129986816
2004-02-15 09:12:39,0.06027403681820402,0.07415948044338103,0.07568367596074027,0.043770887250354024
2004-02-15 09:22:39,0.06124644758044827,0.07474154011426339,0.07780287123394697,0.04433268225987597
2004-02-15 09:32:39,0.060658088773865915,0.0738454514380585,0.07642565554958737,0.04421089896967626
2004-02-15 09:42:39,0.06050788612725231,0.07352688119537087,0.07737858293862004,0.0432515259534157
2004-02-15 09:52:39,0.05987933981151425,0.07367449582499147,0.07638468675228284,0.04504775623809757
2004-02-15 10:02:39,0.060685775672640274,0.07463176912935202,0.07723438644465061,0.044175741002978657
2004-02-15 10:12:39,0.06125924117388545,0.07382469847160505,0.07636974461643635,0.04386171199765614
2004-02-15 10:22:39,0.061238683529469214,0.07384589091264222,0.07625792275013428,0.04389198691342351
2004-02-15 10:32:39,0.06095912886371405,0.07449846183895698,0.07628932076761562,0.04322921041066458
2004-02-15 10:42:39,0.060307388056057426,0.07322667122418086,0.07518858342692515,0.043280335953904
2004-02-15 10:52:39,0.06128863714048538,0.07410649934078813,0.07694584696518385,0.04378612236925632
2004-02-15 11:02:39,0.06165564724840081,0.07475999804677963,0.07606958347575567,0.043547682992333615
2004-02-15 11:12:39,0.06057410029786611,0.07373392255481226,0.07833497729381318,0.04499028272864886
2004-02-15 11:22:39,0.06017984276576006,0.07293041652424434,0.0766487621465892,0.04353664729723131
2004-02-15 11:32:39,0.06155520289076616,0.07498823184725817,0.07493290688021877,0.04454690170418478
2004-02-15 11:42:39,0.061789052199814454,0.07375487084330289,0.0761920503930856,0.04405156501782314
2004-02-15 11:52:39,0.06081747155622833,0.07414507544313687,0.07823726744469944,0.04364021680746131
2004-02-15 12:02:39,0.06125118413985058,0.07396127740612335,0.07584344938717712,0.04348596122857561
2004-02-15 12:12:39,0.06054167683968944,0.07348708433028957,0.07608237706919284,0.04393993847355828
2004-02-15 12:22:39,0.0605253186190732,0.07438283119292935,0.07814234093461594,0.044174422579227504
2004-02-15 12:32:39,0.06092011328678158,0.07333932320914108,0.07763743346843108,0.04291479076126765
2004-02-15 12:42:39,0.06178880804726793,0.07420464866448558,0.07959539039992186,0.04431793544606671
2004-02-15 12:52:39,0.061652473265296166,0.07433151032765273,0.07582626104790273,0.04374280970750525
2004-02-15 13:02:39,0.061666878265540306,0.07404306850920454,0.07644860588895942,0.04480277357292837
2004-02-15 13:12:39,0.059932320914107134,0.07405088139069292,0.07550187997460814,0.04402055764441624
2004-02-15 13:22:39,0.05995180428731872,0.07397431515210705,0.07682460081058645,0.04349030714390351
2004-02-15 13:32:39,0.060586845060793995,0.07444430880414082,0.077079496069144,0.04425108647883197
2004-02-15 13:42:39,0.062082572391230044,0.07457912984032423,0.07746423165193614,0.04386566726890962
2004-02-15 13:52:39,0.06075448019922848,0.07431905854778065,0.07703452317007667,0.043081839933590514
2004-02-15 14:02:39,0.06205273695004638,0.07425562771619709,0.07787064798085844,0.04390067874407931
2004-02-15 14:12:39,0.06212866839201133,0.07408452561160214,0.07745265882123152,0.04401709067825578
2004-02-15 14:22:39,0.06188183016748866,0.0736842619268519,0.07590297377801651,0.04432584598857367
2004-02-15 14:32:39,0.061169588358806586,0.07376136530104009,0.07465388935006592,0.04423135895307388
2004-02-15 14:42:39,0.060835490014160845,0.07423121246154597,0.07612442013770204,0.04387831437081889
2004-02-15 14:52:39,0.0628079984374237,0.07503432784803946,0.0769534156941257,0.044901704184774655
2004-02-15 15:02:39,0.06200312515259535,0.07381288148835391,0.07816021290102056,0.04457961814541726
2004-02-15 15:12:39,0.06161619219688462,0.0746468089262171,0.07616407051125544,0.04431495678499927
2004-02-15 15:22:39,0.06251682211045462,0.07502363396650227,0.08041618243078275,0.04511719322232532
2004-02-15 15:32:39,0.06145314712632453,0.07521846769861809,0.07820572293569023,0.04407104839103472
2004-02-15 15:42:39,0.060867718150300315,0.07340871136285952,0.0765565213145173,0.0441345768836369
2004-02-15 15:52:39,0.061036378729430144,0.0739625469993652,0.07629659651350164,0.04332389276820158
2004-02-15 16:02:39,0.060003515796669765,0.07307300161140681,0.07512300405293228,0.043665120367205434
2004-02-15 16:12:39,0.061141413154939206,0.07430709507300162,0.07846887055031984,0.04338107329459446
2004-02-15 16:22:39,0.06039860344743396,0.07255544704331267,0.07680331070853069,0.043618877874896246
2004-02-15 16:32:39,0.06163152497680551,0.0741499584940671,0.07863606621417062,0.04441994237999903
2004-02-15 16:42:39,0.059662288197665905,0.07315889447726939,0.07595190194833733,0.04286893891303287
2004-02-15 16:52:39,0.06050642121197325,0.07421568435958789,0.07798608330484888,0.043824405488549247
2004-02-15 17:02:39,0.06094574930416525,0.07436593583671076,0.0759337369988769,0.044548952585575466
2004-02-15 17:12:39,0.06173465501245179,0.07394242882953268,0.07614116900239269,0.04350407734752674
2004-02-15 17:22:39,0.05996659993163729,0.07244289271937106,0.07627281605547145,0.04452736950046389
2004-02-15 17:32:39,0.062058401289125445,0.0748610283705259,0.0760902876116998,0.043531178280189466
2004-02-15 17:42:39,0.061359246056936385,0.07338971629474095,0.07730094242882952,0.04357922750134285
2004-02-15 17:52:39,0.06073221348698667,0.07393774110063969,0.07726358708921335,0.04367054055373799
2004-02-15 18:02:39,0.061096782069436986,0.07291938082914204,0.07617828018946238,0.044354265344987556
2004-02-15 18:12:39,0.060688754333707705,0.07366360662141706,0.07734996826016896,0.04316382635870892
2004-02-15 18:22:39,0.0611764734606182,0.07399614238976512,0.0785693637384638,0.04338224522681772
2004-02-15 18:32:39,0.059511792567996484,0.07290854045607696,0.0765451438058499,0.04348205478783144
2004-02-15 18:42:39,0.06044777577030129,0.07355412861956151,0.07699404267786512,0.04371199765613555
2004-02-15 18:52:39,0.06021744225792275,0.0744811270081547,0.07576463694516335,0.04392279896479321
2004-02-15 19:02:39,0.05954856194150106,0.07352443966990577,0.07633639337858293,0.04429879388642024
2004-02-15 19:12:39,0.06059861321353582,0.0728517017432492,0.07708569754382538,0.0435804482640754
2004-02-15 19:22:39,0.06019649396943211,0.07402548952585575,0.07664592997704966,0.04365623321451243
2004-02-15 19:32:39,0.060286390937057475,0.07258508716245911,0.07642677865130132,0.04394086625323502
2004-02-15 19:42:39,0.05993422530396992,0.0730573270179208,0.07664080277357294,0.04427476927584355
2004-02-15 19:52:39,0.061804677962791155,0.07444201377020361,0.07739708970164558,0.04416421700278334
2004-02-15 20:02:39,0.05911284730699742,0.07328985790321794,0.07533199863274574,0.043484740465843066
2004-02-15 20:12:39,0.05939796865081303,0.07323082181747155,0.07581429757312369,0.042776795741979595
2004-02-15 20:22:39,0.060978954050490745,0.07303379071243714,0.0760086430001465,0.04422886859709947
2004-02-15 20:32:39,0.06108335367937887,0.07304995361101617,0.07606557937399286,0.044465550075687296
2004-02-15 20:42:39,0.061462131940036135,0.07340651398994091,0.07582626104790274,0.0440615752722301
2004-02-15 20:52:39,0.06013330729039504,0.07329430147956444,0.073827921285219,0.04331627520875043
2004-02-15 21:02:39,0.061264368377362176,0.07311338444259975,0.07496293764343961,0.04350915572049417
2004-02-15 21:12:39,0.06078026270814005,0.07312202744274622,0.0766534010449729,0.04446110649934079
2004-02-15 21:22:39,0.0616467600957078,0.07413560232433224,0.07757527223008936,0.044888519947263054
2004-02-15 21:32:39,0.060710776893403,0.07424884027540407,0.0767284535377704,0.04343117339713854
2004-02-15 21:42:39,0.06045949509253382,0.07307148786561844,0.07812324820547878,0.043074857170760296
2004-02-15 21:52:39,0.059831876556472485,0.07228751403877143,0.07514014356169735,0.04388309976073051
2004-02-15 22:02:39,0.06113384442599736,0.07362556765467064,0.07562825333268226,0.043732750622589
2004-02-15 22:12:39,0.061452268177157085,0.07331075736119928,0.07727931051320866,0.04376527174178427
2004-02-15 22:22:39,0.06109976073050443,0.07463714048537527,0.0770507837296743,0.0436886566726891
2004-02-15 22:32:39,0.06256033009424289,0.07450358904243372,0.07717163924019727,0.044618633722349726
2004-02-15 22:42:39,0.06139044875238049,0.0743972361931735,0.07745622344841058,0.04410273939157186
2004-02-15 22:52:39,0.06197885638947215,0.07371966404609599,0.07619957029151812,0.044268421309634265
2004-02-15 23:02:39,0.06238961863372235,0.07465930953659847,0.07763714048537526,0.044165242443478685
2004-02-15 23:12:39,0.062484740465843056,0.07415742956199034,0.07673021143610528,0.043697104350798384
2004-02-15 23:22:39,0.061558474534889406,0.07454909907710336,0.07646843107573612,0.04400971727135115
2004-02-15 23:32:39,0.061187948630304224,0.07402319449191855,0.07637111187069681,0.04378416914888423
2004-02-15 23:42:39,0.06132272083597832,0.07332511353093413,0.07932423458176668,0.04331617754773183
2004-02-15 23:52:39,0.06416250793495776,0.07446403632989892,0.07792387323599785,0.04451921480541042
2004-02-16 00:02:39,0.06075096440255873,0.0736864104692612,0.07703261878021388,0.04421099663069486
2004-02-16 00:12:39,0.06164304897700084,0.07259441378973583,0.07642570438009669,0.04418936471507399
2004-02-16 00:22:39,0.06091103081205137,0.07355476341618243,0.07708784608623467,0.04440319351530837
2004-02-16 00:32:39,0.06163699399384736,0.07298969676253722,0.07663513843449388,0.04363152497680551
2004-02-16 00:42:39,0.061124273646174135,0.07398574149128376,0.07778016504712143,0.0437527223008936
2004-02-16 00:52:39,0.05952590458518482,0.0731809170369647,0.07712246691732995,0.04303261878021389
2004-02-16 01:02:39,0.061531813076810396,0.07351516187313833,0.07627535524195515,0.04368284584208214
2004-02-16 01:12:39,0.06203916206846037,0.0736200009766102,0.0778234288783632,0.044072464475804485
2004-02-16 01:22:39,0.06009375457786025,0.07307109722154403,0.07626173152985986,0.043243664241418046
2004-02-16 01:32:39,0.061567605840128915,0.07310503442550906,0.07675994921627032,0.044151814053420585
2004-02-16 01:42:39,0.06280418965769814,0.07417954978270423,0.07914243859563456,0.04483314614971434
2004-02-16 01:52:39,0.06265535426534498,0.07391112847306998,0.076428341227599,0.04419405244396699
2004-02-16 02:02:39,0.06299672835587675,0.07450783729674301,0.0767241564529518,0.04501723716978369
2004-02-16 02:12:39,0.061490795448996535,0.07350305190683137,0.07686659504858637,0.04387875384540261
2004-02-16 02:22:39,0.06204785389911617,0.07339806631183164,0.07716138483324382,0.04430147956443186
2004-02-16 02:32:39,0.06170252453733094,0.07402983544118365,0.07707080423848821,0.04407456418770448
2004-02-16 02:42:39,0.06129181112359003,0.07210586454416719,0.07698222569461398,0.04357204941647542
2004-02-16 02:52:39,0.06270271985936814,0.07460955124761952,0.07744069534645245,0.04479344694565165
2004-02-16 03:02:39,0.060871722252063096,0.07320015625762978,0.07651340397480347,0.044117632696909034
2004-02-16 03:12:39,0.06463557790907759,0.07400732457639533,0.0776713706723961,0.04479432589481909
2004-02-16 03:22:39,0.06621226622393672,0.07482201279359345,0.07753137360222666,0.044725572537721574
2004-02-16 03:32:39,0.06647858782167099,0.07388563894721423,0.0760772010352068,0.04412212510376484
2004-02-16 03:42:39,0.06558025294203819,0.07285770789589335,0.07613325845988572,0.04480531275941209
2004-02-16 03:52:39,0.06541701254944089,0.0743398603447434,0.07578597587772841,0.044496362127056995
2004-02-16 04:02:39,0.06626558914009473,0.0729910640167977,0.07715547634161823,0.04446012988915475
2004-02-16 04:12:39,0.06762424923091948,0.075575858196201,0.0795984178914986,0.0459204062698374
2004-02-16 04:22:39,0.06646887055031983,0.07446828458420822,0.07767273792665658,0.0455628692807266
2004-02-16 04:32:39,0.06513760437521363,0.0738788515064212,0.0783685726842131,0.04436725426046194
2004-02-16 04:42:39,0.06573558279212853,0.07396347477904194,0.07677909077591678,0.04445842082132917
2004-02-16 04:52:39,0.06610923384930904,0.07416265442648567,0.07707256213682309,0.04446091117730359
2004-02-16 05:02:39,0.06715567166365546,0.07367449582499147,0.07767859758777283,0.04463538258704039
2004-02-16 05:12:39,0.06633033839542948,0.07355241955173593,0.07565550075687288,0.04403974803457201
2004-02-16 05:22:39,0.06813296547682994,0.07401147516968601,0.0754966551101128,0.044563162263782416
2004-02-16 05:32:39,0.06658435470481958,0.07301030323746276,0.07675863079251917,0.04456672689096147
2004-02-16 05:42:39,0.06720118169832512,0.0740705600859417,0.0778963816592607,0.04452561160212902
2004-02-16 05:52:39,0.06826768885199473,0.07383744323453294,0.07666053029933102,0.04442746227843157
2004-02-16 06:02:39,0.06850422383905465,0.0751190976121881,0.07700009766101862,0.04452712534791738
2004-02-16 06:12:39,0.06884286342106549,0.07452990868694762,0.07855466575516383,0.045682455198007725
2004-02-16 06:22:39,0.06740421895600371,0.07479237267444701,0.07708501391669516,0.04480873089506324
2004-02-16 06:32:39,0.06704062698373944,0.07353708677181504,0.07674295619903317,0.04542961082084086
2004-02-16 06:42:39,0.0680661653401045,0.07391005420186532,0.07706396796718591,0.04415240001953221
2004-02-16 06:52:39,0.06880394550515162,0.07425958298745056,0.07960188485765907,0.04431017139508766
2004-02-16 07:02:39,0.06929478978465746,0.07326485668245519,0.07652717417842667,0.04467810928267982
2004-02-16 07:12:39,0.06745876263489427,0.07268914497778213,0.0758362713023097,0.04358401289125446
2004-02-16 07:22:39,0.07013501635822061,0.07386542311636311,0.07700771522046974,0.044880560574246796
2004-02-16 07:32:39,0.06724884027540408,0.07315025147712291,0.07408769959470678,0.04446970066897798
2004-02-16 07:42:39,0.06928619561502028,0.07451770105962206,0.07631964451389228,0.04432994775135505
2004-02-16 07:52:39,0.06977787001318425,0.07378231358953073,0.07691625567654671,0.044804775623809766
2004-02-16 08:02:39,0.06872147077494019,0.07408940866253236,0.07654226280580106,0.0444060745153572
2004-02-16 08:12:39,0.06866565750280776,0.07371331607988671,0.07664300014649152,0.044780409199667956
2004-02-16 08:22:39,0.06981639728502369,0.07475169686019825,0.07578197177596561,0.04449323697446164
2004-02-16 08:32:39,0.06780399433566092,0.07346979832999657,0.07716665852824844,0.04413989940915084
2004-02-16 08:42:39,0.0692404902583134,0.07408140045900678,0.07658357341667074,0.04423912300405294
2004-02-16 08:52:39,0.06867493529957516,0.07455119878900336,0.07770745641877046,0.0451676839689438
