18, 1, 0.9193253517150879, 0, 0, 0, 0
21, 1, 0.9447781443595886, 0, 0, 0, 0
20, 1, 0.9475677013397217, 0, 0, 0, 0
6, 1, 0.9370052814483643, 0, 0, 0, 0
23, 1, 0.9630441069602966, 0, 0, 0, 0
9, 1, 0.9331247806549072, 0, 0, 0, 0
12, 1, 0.9265822172164917, 0, 0, 0, 0
24, 1, 0.9174033999443054, 0, 0, 0, 0
16, 1, 0.9312087297439575, 0, 0, 0, 0
5, 1, 0.9358676075935364, 0, 0, 0, 0
22, 1, 0.9506979584693909, 0, 0, 0, 0
25, 1, 0.9430248737335205, 0, 0, 0, 0
0, 1, 0.9398138523101807, 0, 0, 0, 0
10, 1, 0.9029930830001831, 0, 0, 0, 0
14, 1, 0.9465590119361877, 0, 0, 0, 0
1, 1, 0.9557089805603027, 0, 0, 0, 0
19, 1, 0.9248183965682983, 0, 0, 0, 0
11, 1, 0.9407793283462524, 0, 0, 0, 0
8, 1, 0.9250555634498596, 0, 0, 0, 0
27, 1, 0.942602276802063, 0, 0, 0, 0
2, 1, 0.9423908591270447, 0, 0, 0, 0
28, 1, 0.9237802624702454, 0, 0, 0, 0
3, 1, 0.9473525285720825, 0, 0, 0, 0
13, 1, 0.9287766814231873, 0, 0, 0, 0
26, 1, 0.9457221627235413, 0, 0, 0, 0
15, 1, 0.9422785639762878, 0, 0, 0, 0
4, 1, 0.9122500419616699, 0, 0, 0, 0
17, 1, 0.9156646728515625, 0, 0, 0, 0
7, 1, 0.9514338970184326, 0, 0, 0, 0
29, 1, 0.9004719853401184, 0, 0, 0, 0
13, 2, 0.9274762272834778, 0, 0, 0, 0
14, 2, 0.9480851888656616, 0, 0, 0, 0
15, 2, 0.9286834001541138, 0, 0, 0, 0
26, 2, 0.9374421238899231, 0, 0, 0, 0
9, 2, 0.9390230178833008, 0, 0, 0, 0
2, 2, 0.95291668176651, 0, 0, 0, 0
0, 2, 0.93995201587677, 0, 0, 0, 0
1, 2, 0.9421079754829407, 0, 0, 0, 0
27, 2, 0.935300886631012, 0, 0, 0, 0
21, 2, 0.9334427714347839, 0, 0, 0, 0
7, 2, 0.9630478024482727, 0, 0, 0, 0
10, 2, 0.9159542918205261, 0, 0, 0, 0
25, 2, 0.9498491883277893, 0, 0, 0, 0
29, 2, 0.8989090323448181, 0, 0, 0, 0
24, 2, 0.9300812482833862, 0, 0, 0, 0
19, 2, 0.9390440583229065, 0, 0, 0, 0
23, 2, 0.9493117332458496, 0, 0, 0, 0
8, 2, 0.9312538504600525, 0, 0, 0, 0
17, 2, 0.9336031675338745, 0, 0, 0, 0
6, 2, 0.9366782307624817, 0, 0, 0, 0
28, 2, 0.9244310259819031, 0, 0, 0, 0
12, 2, 0.9308652877807617, 0, 0, 0, 0
5, 2, 0.9485703706741333, 0, 0, 0, 0
3, 2, 0.9423097372055054, 0, 0, 0, 0
20, 2, 0.9521892070770264, 0, 0, 0, 0
16, 2, 0.9231346845626831, 0, 0, 0, 0
18, 2, 0.9092698693275452, 0, 0, 0, 0
22, 2, 0.926153302192688, 0, 0, 0, 0
4, 2, 0.9314234256744385, 0, 0, 0, 0
11, 2, 0.9548788070678711, 0, 0, 0, 0
16, 3, 0.9272921085357666, 0, 0, 0, 0
26, 3, 0.9315665364265442, 0, 0, 0, 0
1, 3, 0.940859317779541, 0, 0, 0, 0
7, 3, 0.9528692364692688, 0, 0, 0, 0
20, 3, 0.9414715766906738, 0, 0, 0, 0
19, 3, 0.9328109622001648, 0, 0, 0, 0
13, 3, 0.9187106490135193, 0, 0, 0, 0
14, 3, 0.9330514073371887, 0, 0, 0, 0
5, 3, 0.9360972046852112, 0, 0, 0, 0
8, 3, 0.9256704449653625, 0, 0, 0, 0
25, 3, 0.9438915252685547, 0, 0, 0, 0
22, 3, 0.923056423664093, 0, 0, 0, 0
24, 3, 0.9193524718284607, 0, 0, 0, 0
9, 3, 0.9305465817451477, 0, 0, 0, 0
17, 3, 0.9425961971282959, 0, 0, 0, 0
28, 3, 0.9286806583404541, 0, 0, 0, 0
29, 3, 0.9094369411468506, 0, 0, 0, 0
6, 3, 0.9234828352928162, 0, 0, 0, 0
3, 3, 0.9323632121086121, 0, 0, 0, 0
21, 3, 0.9381122589111328, 0, 0, 0, 0
18, 3, 0.9151580333709717, 0, 0, 0, 0
27, 3, 0.9422934055328369, 0, 0, 0, 0
11, 3, 0.9493396878242493, 0, 0, 0, 0
4, 3, 0.9236326813697815, 0, 0, 0, 0
23, 3, 0.9323570132255554, 0, 0, 0, 0
15, 3, 0.9303614497184753, 0, 0, 0, 0
12, 3, 0.9227424263954163, 0, 0, 0, 0
10, 3, 0.9167165160179138, 0, 0, 0, 0
0, 3, 0.9282538890838623, 0, 0, 0, 0
2, 3, 0.9466875195503235, 0, 0, 0, 0
16, 4, 0.9233884215354919, 0.023299098014831654, 0, 0, 0
4, 4, 0.9328447580337524, 0.013842761516571156, 0, 0, 0
8, 4, 0.9310264587402344, 0.0018182992935180664, 0, 0, 0
23, 4, 0.936750590801239, 0.005724132061004639, 1, 0, 0
11, 4, 0.9470395445823669, 0.01601308584213257, 1, 0, 0
10, 4, 0.9025129079818726, 0.044526636600494274, 0, 0, 0
19, 4, 0.9331502914428711, 0.030637383460998535, 1, 0, 0
21, 4, 0.9479783177375793, 0.04546540975570679, 1, 0, 0
18, 4, 0.9196329116821289, 0.02834540605545033, 0, 0, 0
2, 4, 0.943163275718689, 0.00481504201889027, 0, 0, 0
22, 4, 0.9341093897819519, 0.009053885936737172, 0, 0, 0
1, 4, 0.9368361234664917, 0.002726733684539684, 1, 0, 0
26, 4, 0.9351391196250916, 0.0016970038414000355, 0, 0, 0
24, 4, 0.9126717448234558, 0.024164378643035778, 0, 0, 0
5, 4, 0.934863805770874, 0.022192060947418213, 1, 0, 0
6, 4, 0.9279534816741943, 0.0069103240966796875, 0, 0, 0
12, 4, 0.9228355288505554, 0.012028276920318604, 0, 0, 0
7, 4, 0.9426979422569275, 0.01986241340637207, 1, 0, 0
28, 4, 0.9255618453025818, 0.017136096954345814, 0, 0, 0
9, 4, 0.9218193888664246, 0.0037424564361572266, 0, 0, 0
17, 4, 0.941423237323761, 0.019603848457336426, 1, 0, 0
0, 4, 0.9337292909622192, 0.007693946361541748, 0, 0, 0
20, 4, 0.930975079536438, 0.00275421142578125, 0, 0, 0
15, 4, 0.9353760480880737, 0.004400968551635742, 1, 0, 0
14, 4, 0.927259624004364, 0.008116424083709606, 0, 0, 0
25, 4, 0.9315993785858154, 0.004339754581451416, 1, 0, 0
13, 4, 0.9046710133552551, 0.022588610649108887, 0, 0, 0
3, 4, 0.9276678562164307, 0.022996842861175426, 1, 0, 0
29, 4, 0.9090981483459473, 0.01856970787048351, 0, 0, 0
27, 4, 0.9387508034706116, 0.029652655124664418, 1, 0, 0
3, 5, 0.9258596301078796, 0.012891173362731934, 0, 0, 1
0, 5, 0.9322848320007324, 0.00646597146987915, 0, 0, 0
26, 5, 0.931547999382019, 0.005688369274139404, 1, 0, 0
23, 5, 0.934921383857727, 0.009061753749847412, 1, 0, 0
19, 5, 0.9242082834243774, 0.0073397159576416016, 0, 0, 1
25, 5, 0.92186439037323, 0.009683609008789062, 0, 0, 0
22, 5, 0.9196832776069641, 0.002181112766265869, 0, 0, 1
18, 5, 0.9319753646850586, 0.012292087078094593, 0, 0, 1
11, 5, 0.9309935569763184, 0.0009818077087402344, 0, 0, 1
1, 5, 0.9261265993118286, 0.004866957664489746, 0, 0, 0
13, 5, 0.9145956039428711, 0.01153099536895752, 0, 0, 1
2, 5, 0.9195372462272644, 0.0049416422843931995, 1, 0, 0
17, 5, 0.9297109842300415, 0.0101737380027771, 0, 0, 1
27, 5, 0.9242841601371765, 0.005426824092865101, 0, 0, 1
8, 5, 0.9287761449813843, 0.004491984844207875, 1, 0, 0
9, 5, 0.9160054922103882, 0.012770652770996205, 0, 0, 0
5, 5, 0.9333027601242065, 0.004526615142822155, 0, 0, 1
28, 5, 0.920640766620636, 0.012661993503570446, 0, 0, 0
16, 5, 0.9148620367050171, 0.0057787299156188965, 0, 0, 1
12, 5, 0.911453127861023, 0.0034089088439942516, 0, 0, 1
4, 5, 0.9283391237258911, 0.016885995864868164, 1, 0, 0
6, 5, 0.9278644323348999, 0.00047469139099132196, 0, 0, 1
7, 5, 0.9382542371749878, 0.01038980484008778, 0, 0, 1
15, 5, 0.9291011691093445, 0.00915306806564331, 0, 0, 0
21, 5, 0.9374621510505676, 0.008360981941223256, 0, 0, 1
29, 5, 0.912868320941925, 0.024593830108642578, 0, 0, 0
24, 5, 0.9086102247238159, 0.004258096218109131, 0, 0, 1
10, 5, 0.9151662588119507, 0.006556034088134655, 0, 0, 1
14, 5, 0.9118829965591431, 0.003283262252807728, 0, 0, 1
20, 5, 0.9266716241836548, 0.014788627624511608, 1, 0, 0
5, 6, 0.9317155480384827, 0.005043923854827881, 0, 0, 1
11, 6, 0.9363467693328857, 0.009675145149230957, 0, 0, 1
25, 6, 0.923705518245697, 0.0029661059379577637, 0, 0, 1
28, 6, 0.9215474724769592, 0.014799296855926403, 0, 0, 1
4, 6, 0.9226389527320862, 0.0010665655136108398, 0, 0, 1
8, 6, 0.9315245747566223, 0.009977102279663086, 1, 0, 0
14, 6, 0.914316713809967, 0.02203005552291859, 0, 0, 0
15, 6, 0.9263980388641357, 0.012081325054168701, 1, 0, 0
29, 6, 0.9002249240875244, 0.026173114776611217, 0, 0, 1
13, 6, 0.9053356647491455, 0.005110740661621094, 0, 0, 1
12, 6, 0.9126426577568054, 0.007306993007659801, 0, 0, 1
21, 6, 0.942762553691864, 0.030119895935058594, 0, 0, 1
19, 6, 0.9066290855407715, 0.03613346815109253, 0, 0, 0
24, 6, 0.9148024916648865, 0.02796006202697754, 0, 0, 0
20, 6, 0.9287570118904114, 0.013954520225525013, 1, 0, 0
17, 6, 0.9332433342933655, 0.0044863224029541016, 0, 0, 1
18, 6, 0.9235126376152039, 0.0052443742752075195, 0, 0, 1
9, 6, 0.9187319278717041, 0.004780709743499867, 0, 0, 1
26, 6, 0.9343182444572449, 0.015586316585540883, 1, 0, 0
16, 6, 0.9354884028434753, 0.0011701583862305798, 0, 0, 1
22, 6, 0.9213984608650208, 0.014089941978454479, 0, 0, 0
10, 6, 0.9054679870605469, 0.015930473804473877, 0, 0, 1
7, 6, 0.937258780002594, 0.03179079294204723, 1, 0, 0
0, 6, 0.9192793965339661, 0.01797938346862804, 0, 0, 0
27, 6, 0.9336560368537903, 0.01437664031982433, 0, 0, 1
3, 6, 0.927585780620575, 0.006070256233215443, 0, 0, 1
1, 6, 0.93463534116745, 0.007049560546875, 1, 0, 0
6, 6, 0.9258019328117371, 0.00883340835571289, 0, 0, 0
23, 6, 0.9392710328102112, 0.01346909999847401, 1, 0, 0
2, 6, 0.92454594373703, 0.014725089073181152, 0, 0, 0
0, 7, 0.9135459065437317, 0.01100003719329834, 0, 0, 1
21, 7, 0.936336100101471, 0.02279019355773937, 0, 0, 1
5, 7, 0.9234681725502014, 0.012867927551269531, 0, 0, 1
14, 7, 0.9217951893806458, 0.014540910720825195, 0, 0, 1
16, 7, 0.9163988828659058, 0.019937217235565186, 0, 0, 1
23, 7, 0.933914840221405, 0.002421259880065918, 0, 0, 1
15, 7, 0.9307567477226257, 0.007288575172424316, 0, 0, 1
20, 7, 0.9219940900802612, 0.0014740824699401855, 0, 0, 1
29, 7, 0.9095689654350281, 0.012425124645233154, 0, 0, 1
10, 7, 0.9157035946846008, 0.0062904953956604, 0, 0, 1
1, 7, 0.9139286875724792, 0.008065402507781982, 0, 0, 1
2, 7, 0.9196943044662476, 0.0057656168937683105, 0, 0, 1
4, 7, 0.9229813814163208, 0.003287076950073242, 0, 0, 1
6, 7, 0.9271876215934753, 0.004206240177154541, 0, 0, 1
27, 7, 0.9304162859916687, 0.0074349045753479, 0, 0, 1
9, 7, 0.9118420481681824, 0.01857423782348644, 0, 0, 0
24, 7, 0.9107715487480164, 0.0010704994201660156, 0, 0, 1
25, 7, 0.9202653765678406, 0.009493827819824219, 0, 0, 1
22, 7, 0.9111970067024231, 0.00906836986541748, 0, 0, 1
8, 7, 0.9269338846206665, 0.015736877918243297, 1, 0, 0
11, 7, 0.9300497174263, 0.003115832805633656, 0, 0, 1
17, 7, 0.9272059202194214, 0.002843797206878662, 0, 0, 1
28, 7, 0.9117936491966248, 0.01541227102279663, 0, 0, 1
26, 7, 0.9360515475273132, 0.008845627307891846, 0, 0, 1
13, 7, 0.9098542332649231, 0.026197314262390137, 0, 0, 0
18, 7, 0.9304581880569458, 0.005593359470367432, 0, 0, 1
3, 7, 0.9126161932945251, 0.017841994762420654, 0, 0, 1
12, 7, 0.9213117957115173, 0.008695602416992188, 0, 0, 1
7, 7, 0.9336382150650024, 0.012326419353485218, 0, 0, 1
22, 8, 0.9098330140113831, 0.023805201053619385, 0, 0, 0
1, 8, 0.9321643114089966, 0.0014739036560058594, 0, 0, 1
23, 8, 0.9446412324905396, 0.03480821847915638, 1, 0, 0
17, 8, 0.9285011291503906, 0.003663182258605957, 0, 0, 1
6, 8, 0.9182919263839722, 0.026349306106567383, 0, 0, 0
2, 8, 0.9292041063308716, 0.000702977180480957, 0, 0, 1
16, 8, 0.9249269366264343, 0.006635010242462158, 0, 0, 1
25, 8, 0.9199491143226624, 0.009254992008209229, 0, 0, 1
27, 8, 0.9232599139213562, 0.001667022705078236, 0, 0, 1
24, 8, 0.9154156446456909, 0.007844269275665283, 0, 0, 1
29, 8, 0.907342255115509, 0.008073389530181774, 0, 0, 1
8, 8, 0.932256817817688, 0.024914562702178955, 1, 0, 0
14, 8, 0.9067221283912659, 0.02553468942642212, 0, 0, 1
0, 8, 0.9243988394737244, 0.017676711082458385, 0, 0, 1
11, 8, 0.9212566018104553, 0.014534473419189342, 1, 0, 0
26, 8, 0.9292349815368652, 0.022512853145599254, 1, 0, 0
10, 8, 0.9170700311660767, 0.01034790277481068, 0, 0, 1
18, 8, 0.9125643968582153, 0.004505634307861439, 0, 0, 1
4, 8, 0.9289788007736206, 0.011908769607543834, 0, 0, 1
19, 8, 0.9278324842453003, -0.0011463165283203125, 0, 0, 0
21, 8, 0.9365867972373962, 0.008754312992095836, 0, 0, 1
7, 8, 0.9388208985328674, 0.0022341012954711914, 0, 0, 1
3, 8, 0.9228982329368591, 0.0159226655960083, 0, 0, 1
5, 8, 0.9285739064216614, 0.005675673484802135, 0, 0, 1
9, 8, 0.9255034923553467, 0.0030704140663146973, 0, 0, 1
12, 8, 0.9034495949745178, 0.025124311447143555, 0, 0, 0
20, 8, 0.9309725165367126, 0.027522921562194824, 1, 0, 0
28, 8, 0.9165079593658447, 0.01446455717086792, 0, 0, 1
13, 8, 0.901776909828186, 0.02919560670852661, 0, 0, 0
15, 8, 0.9241867065429688, 0.022409796714782826, 1, 0, 0
3, 9, 0.9239736199378967, 0.00021308660507202148, 0, 0, 1
22, 9, 0.910222053527832, 0.013964653015136719, 0, 0, 1
21, 9, 0.9365789890289307, 0.026356935501098633, 0, 0, 1
24, 9, 0.9129860997200012, 0.0027640461921691895, 0, 0, 1
15, 9, 0.9168018698692322, 0.0065798163414001465, 0, 0, 1
2, 9, 0.9323475956916809, 0.022125542163848877, 1, 0, 0
13, 9, 0.9072237014770508, 0.025123894214630016, 0, 0, 1
28, 9, 0.912771463394165, 0.019576132297515758, 0, 0, 1
9, 9, 0.919640839099884, 0.012706756591796764, 0, 0, 1
1, 9, 0.9151257276535034, 0.007902026176452637, 0, 0, 1
20, 9, 0.9184943437576294, 0.0011464953422546387, 0, 0, 1
27, 9, 0.9247022271156311, 0.006207883358001709, 0, 0, 1
26, 9, 0.9178376793861389, 0.0068645477294922985, 0, 0, 1
19, 9, 0.9309009909629822, 0.013063311576843373, 0, 0, 0
8, 9, 0.9239643812179565, 0.006936609745025635, 0, 0, 1
7, 9, 0.9390797019004822, 0.0081787109375, 0, 0, 1
4, 9, 0.9291584491729736, 0.005194067955017201, 0, 0, 1
10, 9, 0.9257331490516663, 0.0017687678337098278, 0, 0, 1
6, 9, 0.9181920289993286, 0.020887672901153564, 0, 0, 1
11, 9, 0.9188392162322998, 0.020240485668182373, 0, 0, 0
5, 9, 0.926385760307312, 0.007546544075012207, 0, 0, 1
0, 9, 0.9205501079559326, 0.0017108917236328125, 0, 0, 1
14, 9, 0.9076512455940247, 0.018734514713287354, 0, 0, 1
12, 9, 0.9064823985099792, 0.0011688470840455212, 0, 0, 1
23, 9, 0.9420161843299866, 0.035533785820007324, 1, 0, 0
18, 9, 0.9164498448371887, 0.02556633949279785, 0, 0, 0
29, 9, 0.9126594066619873, 0.029356777667999268, 0, 0, 1
16, 9, 0.9200941920280457, 0.007434785366058461, 0, 0, 1
25, 9, 0.9205861687660217, 0.0004919767379760742, 0, 0, 1
14, 10, 0.9126986265182495, 0.007887542247772106, 0, 0, 1
21, 10, 0.9314969182014465, 0.01879829168319691, 0, 0, 1
18, 10, 0.9204408526420593, 0.011056065559387096, 0, 0, 1
17, 10, 0.9210560917854309, 0.000615239143371693, 0, 0, 0
0, 10, 0.9235754013061523, 0.007921516895294078, 0, 0, 1
19, 10, 0.9299251437187195, 0.009484291076660267, 0, 0, 0
28, 10, 0.9045957326889038, 0.025329411029815785, 0, 0, 1
11, 10, 0.9241641163825989, 0.01956838369369507, 0, 0, 1
24, 10, 0.9077092409133911, 0.016454875469207653, 0, 0, 0
5, 10, 0.9298146963119507, 0.02210545539855946, 1, 0, 0
6, 10, 0.9089468121528625, 0.0012375712394713245, 0, 0, 1
25, 10, 0.9171678423881531, 0.008221030235290638, 0, 0, 1
20, 10, 0.9210367202758789, 0.003868877887725719, 0, 0, 1
9, 10, 0.9061687588691711, 0.014867961406707653, 0, 0, 1
29, 10, 0.9081374406814575, 0.001968681812286266, 0, 0, 1
16, 10, 0.9176381230354309, 0.009500682353973278, 0, 0, 1
26, 10, 0.9215213060379028, 0.003883183002472035, 0, 0, 1
23, 10, 0.9262707829475403, 0.008632659912109486, 0, 0, 1
12, 10, 0.9115098714828491, 0.014760911464691273, 0, 0, 1
10, 10, 0.9137524366378784, 0.012518346309661976, 0, 0, 0
4, 10, 0.916789174079895, 0.0030367374420166016, 0, 0, 1
2, 10, 0.9224487543106079, 0.005659580230712891, 0, 0, 1
27, 10, 0.9208901524543762, 0.0015586018562318005, 0, 0, 1
15, 10, 0.9186087846755981, 0.002281367778778076, 0, 0, 1
7, 10, 0.9316932559013367, 0.013084471225738636, 0, 0, 1
3, 10, 0.9259570837020874, 0.005736172199249379, 0, 0, 1
13, 10, 0.9085406064987183, 0.01741647720336914, 0, 0, 1
8, 10, 0.9199708104133606, 0.005986273288726807, 0, 0, 1
22, 10, 0.9025446772575378, 0.017426133155822754, 0, 0, 1
1, 10, 0.9138768315315247, 0.011332154273986816, 0, 0, 1
26, 11, 0.9237573742866516, 0.009880542755126842, 0, 0, 1
15, 11, 0.9123678207397461, 0.0015090107917786755, 0, 0, 1
10, 11, 0.914492666721344, 0.0021248459815980114, 0, 0, 1
16, 11, 0.9121289849281311, 0.0002388358116148792, 0, 0, 1
12, 11, 0.9128577709197998, 0.000489950180053822, 0, 0, 1
9, 11, 0.9054203629493713, 0.006947457790374645, 0, 0, 1
3, 11, 0.783348023891449, 0.12950974702835083, 0, 0, 0
2, 11, 0.7641890048980713, 0.14123135805129994, 0, 0, 0
25, 11, 0.9203886389732361, 0.014968276023864857, 1, 0, 0
29, 11, 0.9040663242340088, 0.016322314739227184, 0, 0, 1
13, 11, 0.9120867252349854, 0.008020401000976562, 0, 0, 1
18, 11, 0.916953980922699, 0.004867255687713623, 0, 0, 1
27, 11, 0.914848268032074, 0.002105712890625111, 0, 0, 1
20, 11, 0.917765200138092, 0.0029169321060179554, 0, 0, 1
1, 11, 0.782809317111969, 0.1320389509201051, 0, 0, 0
19, 11, 0.9212034344673157, 0.13839411735534657, 1, 0, 0
11, 11, 0.9201052188873291, 0.0010982155799864612, 0, 0, 1
5, 11, 0.919541597366333, 0.0005636215209962048, 0, 0, 1
8, 11, 0.919985830783844, 0.00044423341751098633, 0, 0, 1
23, 11, 0.9193160533905029, 0.0006697773933411755, 0, 0, 1
6, 11, 0.9094153046607971, 0.0099007487297057, 0, 0, 1
21, 11, 0.9285122156143188, 0.019096910953521617, 0, 0, 1
0, 11, 0.766169548034668, 0.16234266757965088, 0, 0, 0
22, 11, 0.905667245388031, 0.13949769735336304, 1, 0, 0
17, 11, 0.9120409488677979, 0.14587140083312988, 0, 0, 0
28, 11, 0.907438337802887, 0.004602611064911, 0, 0, 1
7, 11, 0.9272856116294861, 0.01984727382659901, 1, 0, 0
4, 11, 0.7759484648704529, 0.1513371467590331, 0, 0, 0
24, 11, 0.9091219305992126, 0.13317346572875977, 1, 0, 0
14, 11, 0.9112927913665771, 0.002170860767364502, 0, 0, 1
3, 12, 0.7209799885749817, 0.19031280279159546, 0, 0, 0
2, 12, 0.6805731654167175, 0.04040682315826416, 0, 0, 1
0, 12, 0.692079484462738, 0.011506319046020508, 0, 0, 1
22, 12, 0.9112723469734192, 0.23069918155670166, 1, 0, 0
1, 12, 0.6873159408569336, 0.0067427754402160645, 0, 0, 1
12, 12, 0.9163324236869812, 0.23575925827026367, 1, 0, 0
5, 12, 0.9194252490997314, 0.003092825412750244, 0, 0, 1
7, 12, 0.9216877818107605, 0.0022625327110290527, 0, 0, 1
20, 12, 0.926734983921051, 0.005047202110290638, 0, 0, 1
26, 12, 0.9238336682319641, 0.002901315689086803, 0, 0, 1
8, 12, 0.9160847067832947, 0.007748961448669323, 0, 0, 1
6, 12, 0.9197528958320618, 0.003668189048766979, 0, 0, 1
16, 12, 0.9095022678375244, 0.010250627994537354, 0, 0, 1
17, 12, 0.9273176193237305, 0.017815351486206055, 0, 0, 0
19, 12, 0.9144153594970703, 0.012902259826660045, 0, 0, 1
27, 12, 0.9151354432106018, 0.0007200837135313831, 0, 0, 1
28, 12, 0.9091817736625671, 0.005233585834503285, 0, 0, 1
29, 12, 0.9034458994865417, 0.005735874176025502, 0, 0, 1
18, 12, 0.924004077911377, 0.020558178424835316, 0, 0, 1
15, 12, 0.9203097820281982, 0.003694295883178822, 0, 0, 1
4, 12, 0.7069498896598816, 0.21335989236831665, 0, 0, 0
14, 12, 0.9228821396827698, 0.21593225002288818, 1, 0, 0
23, 12, 0.9242026209831238, 0.001320481300354004, 0, 0, 1
9, 12, 0.9168512225151062, 0.007351398468017578, 0, 0, 1
10, 12, 0.9120590090751648, 0.004792213439941406, 0, 0, 1
21, 12, 0.9195234179496765, 0.0026721954345703125, 0, 0, 1
25, 12, 0.923792839050293, 0.004269421100616566, 0, 0, 1
24, 12, 0.9247620701789856, 0.000969231128692627, 0, 0, 1
13, 12, 0.9108100533485413, 0.013952016830444336, 0, 0, 1
20, 13, 0.925476610660553, 0.01466655731201183, 1, 0, 0
17, 13, 0.9283411502838135, 0.017531096935272328, 0, 0, 1
27, 13, 0.9215746521949768, 0.006766498088836781, 0, 0, 0
26, 13, 0.930932879447937, 0.005456268787384033, 0, 0, 1
25, 13, 0.9291630983352661, 0.0017697811126708984, 0, 0, 1
19, 13, 0.9197582006454468, 0.011174678802490234, 0, 0, 1
7, 13, 0.9363216757774353, 0.005388796329498291, 0, 0, 1
0, 13, 0.6143059134483337, 0.32201576232910145, 0, 0, 0
6, 13, 0.9178972244262695, 0.01842445135116566, 0, 0, 0
15, 13, 0.921621561050415, 0.003724336624145397, 0, 0, 1
18, 13, 0.9238672852516174, 0.005970060825347789, 0, 0, 1
2, 13, 0.6149581670761108, 0.3029390573501588, 0, 0, 0
4, 13, 0.6267314553260803, 0.011773288249969482, 0, 0, 1
9, 13, 0.9167426228523254, 0.2900111675262451, 1, 0, 0
13, 13, 0.9176531434059143, 0.0009105205535888672, 0, 0, 1
8, 13, 0.930001974105835, 0.012348830699920543, 1, 0, 0
10, 13, 0.9272143244743347, 0.002787649631500244, 0, 0, 1
14, 13, 0.9252268671989441, 0.001987457275390736, 0, 0, 1
3, 13, 0.6555836796760559, 0.2716306447982789, 0, 0, 0
23, 13, 0.9323559403419495, 0.27677226066589355, 1, 0, 0
28, 13, 0.9163514375686646, 0.016004502773285023, 0, 0, 1
1, 13, 0.622359573841095, 0.2939918637275696, 0, 0, 0
12, 13, 0.9164351224899292, 0.29407554864883423, 1, 0, 0
22, 13, 0.9140499830245972, 0.0023851394653320312, 0, 0, 1
21, 13, 0.9313127994537354, 0.014877676963806152, 0, 0, 1
16, 13, 0.9218350648880005, 0.009477734565734863, 0, 0, 1
24, 13, 0.9227139949798584, 0.0008789300918580212, 0, 0, 1
5, 13, 0.9222317337989807, 0.00048226118087768555, 0, 0, 1
29, 13, 0.9158996939659119, 0.006332039833068959, 0, 0, 1
15, 14, 0.9171656966209412, 0.0012660026550291859, 0, 0, 1
4, 14, 0.5883255004882812, 0.3288401961326599, 0, 0, 0
18, 14, 0.9189054369926453, 0.330579936504364, 1, 0, 0
5, 14, 0.9183318018913269, 0.33000630140304565, 1, 0, 0
11, 14, 0.9167159199714661, -0.002189517021179088, 0, 0, 0
1, 14, 0.5858068466186523, 0.0025186538696289062, 0, 0, 1
25, 14, 0.9202026724815369, 0.003486752510070912, 0, 0, 1
12, 14, 0.912536084651947, 0.007666587829589733, 0, 0, 1
16, 14, 0.92047119140625, 0.007935106754302979, 0, 0, 1
21, 14, 0.9241225123405457, 0.0036513209342956543, 0, 0, 1
9, 14, 0.912659227848053, 0.011463284492492676, 0, 0, 1
23, 14, 0.9234054684638977, 0.010746240615844727, 0, 0, 1
17, 14, 0.923974335193634, 0.0005688667297364391, 0, 0, 1
24, 14, 0.9154021143913269, 0.008572220802307129, 0, 0, 1
14, 14, 0.9149399995803833, 0.0004621148109434925, 0, 0, 1
6, 14, 0.9126213788986206, 0.0023186206817625843, 0, 0, 1
20, 14, 0.9209854006767273, 0.00836402177810669, 0, 0, 1
0, 14, 0.5693252086639404, 0.3432961702346802, 0, 0, 0
7, 14, 0.9280475378036499, 0.3587223291397095, 1, 0, 0
3, 14, 0.6062102317810059, 0.32183730602264415, 0, 0, 1
8, 14, 0.9207329750061035, 0.31452274322509766, 1, 0, 0
13, 14, 0.9098286628723145, 0.010904312133789174, 0, 0, 1
26, 14, 0.9212637543678284, 0.011435091495513916, 0, 0, 1
29, 14, 0.9138823747634888, 0.0073813796043396, 0, 0, 1
28, 14, 0.9142284393310547, 0.00034606456756591797, 0, 0, 1
22, 14, 0.9109469056129456, 0.003281533718109242, 0, 0, 1
2, 14, 0.5787129402160645, 0.3322339653968811, 0, 0, 0
10, 14, 0.9180463552474976, 0.3393334150314331, 1, 0, 0
19, 14, 0.9214572310447693, 0.0034108757972717285, 0, 0, 1
19, 15, 0.921984851360321, 0.0005276203155518688, 0, 0, 1
15, 15, 0.916983425617218, 0.0044738054275511585, 0, 0, 1
12, 15, 0.913446307182312, 0.008010923862457164, 0, 0, 1
3, 15, 0.5720511674880981, 0.34139513969421387, 0, 0, 1
1, 15, 0.5444737076759338, 0.027577459812164307, 0, 0, 1
8, 15, 0.9248756766319275, 0.38040196895599365, 1, 0, 0
5, 15, 0.9192617535591125, 0.005613923072815052, 0, 0, 1
4, 15, 0.5488499402999878, 0.3760257363319398, 0, 0, 0
21, 15, 0.9268548488616943, 0.37800490856170654, 1, 0, 0
18, 15, 0.9213183522224426, 0.00553649663925182, 0, 0, 1
13, 15, 0.9132055640220642, 0.008112788200378418, 0, 0, 1
17, 15, 0.9160547852516174, 0.005263566970825195, 0, 0, 1
14, 15, 0.9159576296806335, 9.715557098388672e-05, 0, 0, 1
25, 15, 0.9163907766342163, 0.00043314695358276367, 0, 0, 1
9, 15, 0.9110341668128967, 0.004923462867736816, 0, 0, 1
16, 15, 0.914242148399353, 0.003207981586456188, 0, 0, 1
7, 15, 0.9297411441802979, 0.015498995780944824, 0, 0, 1
10, 15, 0.9212990403175354, 0.008442103862762562, 0, 0, 1
26, 15, 0.9222623705863953, 0.0009633302688598633, 0, 0, 1
22, 15, 0.9086647629737854, 0.01263427734375, 0, 0, 1
24, 15, 0.9176112413406372, 0.008946478366851807, 1, 0, 0
6, 15, 0.9140307903289795, 0.003580451011657715, 0, 0, 1
28, 15, 0.9142521619796753, 0.00022137165069568976, 0, 0, 1
23, 15, 0.9237598776817322, 0.009507715702056996, 0, 0, 1
0, 15, 0.5330400466918945, 0.39071983098983765, 0, 0, 1
29, 15, 0.9137980341911316, 0.38075798749923706, 1, 0, 0
20, 15, 0.915716290473938, 0.0019182562828063965, 0, 0, 1
2, 15, 0.549084484577179, 0.36663180589675903, 0, 0, 1
11, 15, 0.9156212210655212, 0.3665367364883423, 0, 0, 0
19, 16, 0.9213148355484009, 0.005693614482879639, 0, 0, 1
17, 16, 0.9148320555686951, 0.0064827799797056995, 0, 0, 1
9, 16, 0.9103186130523682, 0.004513442516327015, 0, 0, 1
21, 16, 0.9220592975616455, 0.011740684509277344, 0, 0, 1
16, 16, 0.9202832579612732, 0.00996464490890503, 0, 0, 1
18, 16, 0.9190394282341003, 0.003019869327545277, 0, 0, 1
29, 16, 0.9125863313674927, 0.006453096866607777, 0, 0, 1
15, 16, 0.9116451740264893, 0.000941157341003529, 0, 0, 1
0, 16, 0.5106882452964783, 0.4018980860710145, 0, 0, 1
4, 16, 0.519831120967865, 0.009142875671386719, 0, 0, 1
13, 16, 0.912024199962616, 0.4013359546661377, 1, 0, 0
23, 16, 0.9188085794448853, 0.006784379482269287, 0, 0, 1
8, 16, 0.9210119843482971, 0.0022034049034118652, 0, 0, 1
11, 16, 0.9167779088020325, -0.0042340755462647595, 0, 0, 0
6, 16, 0.9115957617759705, 0.009416222572326771, 0, 0, 1
20, 16, 0.9169485569000244, 0.005352795124054066, 0, 0, 1
26, 16, 0.9167763590812683, 0.005180597305297963, 0, 0, 1
22, 16, 0.9138066172599792, 0.003141939640045166, 0, 0, 1
7, 16, 0.9274519085884094, 0.013645291328430176, 0, 0, 1
24, 16, 0.9195371866226196, 0.007914721965789795, 0, 0, 1
14, 16, 0.9133213758468628, 0.006215810775756836, 0, 0, 0
27, 16, 0.9104647040367126, -0.009072482585906982, 0, 0, 0
5, 16, 0.9180111885070801, 0.0015259981155395508, 0, 0, 1
3, 16, 0.546285092830658, 0.371726095676422, 0, 0, 1
1, 16, 0.5201383829116821, 0.02614670991897583, 0, 0, 1
25, 16, 0.9172236919403076, 0.3970853090286255, 1, 0, 0
2, 16, 0.518988847732544, 0.39823484420776367, 0, 0, 1
10, 16, 0.9172930717468262, 0.3983042240142821, 1, 0, 0
12, 16, 0.9178563952445984, 0.0005633234977722168, 0, 0, 1
24, 17, 0.9177494049072266, 0.00010699033737182617, 0, 0, 1
19, 17, 0.9195881485939026, 0.0017317533493041992, 0, 0, 1
2, 17, 0.4937432110309601, 0.4258449375629425, 0, 0, 1
5, 17, 0.917540431022644, 0.42379721999168396, 1, 0, 0
11, 17, 0.9140262603759766, 0.0035141706466674805, 0, 0, 1
25, 17, 0.9175534248352051, 0.0035271644592285156, 0, 0, 1
17, 17, 0.9114388227462769, 0.002587437629699707, 0, 0, 1
9, 17, 0.9134196639060974, 0.0006065964698791504, 0, 0, 1
29, 17, 0.9124116897583008, 0.0016145706176757812, 0, 0, 1
26, 17, 0.9153492450714111, 0.0029375553131103516, 0, 0, 1
22, 17, 0.910494327545166, 0.004854917526245228, 0, 0, 1
14, 17, 0.9131872057914734, 0.002692878246307484, 0, 0, 1
8, 17, 0.9247016906738281, 0.011514484882354736, 0, 0, 1
12, 17, 0.91495281457901, 0.009748876094818004, 0, 0, 1
21, 17, 0.9225126504898071, 0.007559835910797119, 0, 0, 1
27, 17, 0.9141242504119873, -0.0008285641670227051, 0, 0, 0
4, 17, 0.49360930919647217, 0.420514941215515, 0, 0, 1
10, 17, 0.9134573340415955, 0.0006669163703917347, 0, 0, 1
7, 17, 0.923317551612854, 0.009860217571258434, 0, 0, 1
3, 17, 0.518642246723175, 0.40467530488967896, 0, 0, 1
13, 17, 0.9130639433860779, 0.39442169666290294, 1, 0, 0
20, 17, 0.9119139909744263, 0.0011499524116517224, 0, 0, 1
23, 17, 0.9189525246620178, 0.007038533687591442, 0, 0, 1
15, 17, 0.9108339548110962, 0.00811856985092163, 0, 0, 0
6, 17, 0.9093742370605469, 0.0014597177505493164, 0, 0, 1
1, 17, 0.4923246502876282, 0.4170495867729186, 0, 0, 0
16, 17, 0.9176129102706909, 0.42528825998306274, 1, 0, 0
0, 17, 0.48498591780662537, 0.43262699246406544, 0, 0, 1
28, 17, 0.9135380983352661, 0.4285521805286407, 0, 0, 0
18, 17, 0.9240885972976685, 0.010550498962402455, 0, 0, 1
28, 18, 0.915337860584259, -0.008750736713409313, 0, 0, 0
11, 18, 0.9114247560501099, 0.00391310453414917, 0, 0, 1
24, 18, 0.9211862087249756, 0.005848348140716553, 0, 0, 1
6, 18, 0.9071753025054932, 0.00424945354461681, 0, 0, 1
10, 18, 0.9145441055297852, 0.003119349479675182, 0, 0, 1
14, 18, 0.9116027355194092, 0.0029413700103759766, 0, 0, 1
8, 18, 0.9220759868621826, 0.007531881332397461, 0, 0, 1
7, 18, 0.9237095713615417, 0.0016335844993591309, 0, 0, 1
20, 18, 0.9159292578697205, 0.006146728992462158, 0, 0, 0
0, 18, 0.4590534567832947, 0.46465611457824696, 0, 0, 1
29, 18, 0.9136984348297119, 0.008377552032470703, 0, 0, 1
26, 18, 0.9182589054107666, 0.0045604705810545765, 0, 0, 1
25, 18, 0.9169173836708069, 0.0013415217399597168, 0, 0, 1
17, 18, 0.9138301014900208, 0.003087282180786022, 0, 0, 1
12, 18, 0.91349196434021, 0.003425419330596813, 0, 0, 1
16, 18, 0.9138991236686707, 0.00040715932846069336, 0, 0, 1
27, 18, 0.9143396019935608, 0.0004404783248900257, 0, 0, 0
13, 18, 0.9132778644561768, 0.0010617375373840332, 0, 0, 1
19, 18, 0.9163476228713989, 0.003069758415222168, 0, 0, 1
5, 18, 0.9184440970420837, 0.005166232585906982, 0, 0, 1
1, 18, 0.4649408757686615, 0.4514067471027373, 0, 0, 0
23, 18, 0.9221905469894409, 0.4572496712207794, 1, 0, 0
4, 18, 0.4724782407283783, 0.007537364959716797, 0, 0, 1
15, 18, 0.9109680652618408, 0.4384898245334625, 1, 0, 0
22, 18, 0.9102427363395691, 0.0007253289222717285, 0, 0, 1
21, 18, 0.9225271940231323, 0.012284457683563121, 0, 0, 1
2, 18, 0.47235408425331116, 0.4501731097698213, 0, 0, 1
18, 18, 0.919082760810852, 0.44672867655754084, 1, 0, 0
9, 18, 0.9114129543304443, 0.007669806480407715, 0, 0, 0
3, 18, 0.5020545125007629, 0.4093584418296815, 0, 0, 1
16, 19, 0.9152095317840576, 0.4131550192832947, 1, 0, 0
28, 19, 0.9144262075424194, -0.0007833242416381836, 0, 0, 0
18, 19, 0.9196646809577942, 0.004455149173736572, 0, 0, 1
14, 19, 0.914442241191864, 0.005222439765930176, 0, 0, 1
10, 19, 0.9120650291442871, 0.00759965181350708, 0, 0, 1
9, 19, 0.9121021628379822, 3.713369369495734e-05, 0, 0, 1
25, 19, 0.9143165946006775, 0.00225156545639027, 0, 0, 1
3, 19, 0.47952866554260254, 0.43478792905807506, 0, 0, 1
6, 19, 0.9097632169723511, 0.4302345514297485, 1, 0, 0
15, 19, 0.9114062786102295, 0.001643061637878307, 0, 0, 1
19, 19, 0.9197598695755005, 0.008353590965270885, 1, 0, 0
20, 19, 0.9181501269340515, 0.0016097426414488636, 0, 0, 1
23, 19, 0.9200234413146973, 0.001873314380645641, 0, 0, 1
11, 19, 0.9131500720977783, 0.006873369216918834, 0, 0, 1
12, 19, 0.9109145998954773, 0.0022354722023011364, 0, 0, 1
27, 19, 0.9113046526908875, 0.00039005279541026727, 1, 0, 1
24, 19, 0.913565456867218, 0.0022608041763304554, 0, 0, 1
2, 19, 0.44676628708839417, 0.46679916977882385, 0, 0, 1
26, 19, 0.9193421602249146, 0.4725758731365204, 1, 0, 0
7, 19, 0.9251895546913147, 0.0058473944664001465, 0, 0, 1
8, 19, 0.9199544787406921, 0.00523507595062267, 0, 0, 1
17, 19, 0.9144794344902039, 0.00547504425048817, 0, 0, 1
13, 19, 0.9145275950431824, 4.81605529784046e-05, 0, 0, 1
22, 19, 0.9131990671157837, 0.0013285279273986816, 0, 0, 1
29, 19, 0.915267825126648, 0.002068758010864369, 0, 0, 1
1, 19, 0.43875622749328613, 0.4765115976333618, 0, 0, 1
4, 19, 0.4472188949584961, 0.008462667465210016, 0, 0, 1
5, 19, 0.9180309176445007, 0.47081202268600464, 1, 0, 0
21, 19, 0.9260623455047607, 0.008031427860259899, 0, 0, 1
25, 20, 0.9162477254867554, 0.009814620018005482, 0, 0, 0
28, 20, 0.9129775762557983, 0.0032701492309570312, 0, 0, 1
1, 20, 0.4207405149936676, 0.49550721049308777, 0, 0, 1
27, 20, 0.9118431806564331, 0.004404544830322266, 0, 0, 0
24, 20, 0.9141694903373718, 0.0023263096809386097, 0, 0, 1
3, 20, 0.46159592270851135, 0.4525735676288605, 0, 0, 1
18, 20, 0.9158927798271179, 0.0017232894897460938, 0, 0, 1
22, 20, 0.907673180103302, 0.008219599723816029, 0, 0, 0
17, 20, 0.9097687005996704, 0.002095520496368408, 0, 0, 1
7, 20, 0.9236607551574707, 0.0159875750541687, 1, 0, 0
14, 20, 0.9108793139457703, 0.01278144121170055, 0, 0, 0
15, 20, 0.9100564122200012, 0.000822901725769154, 0, 0, 1
0, 20, 0.423311710357666, -0.48756760358810436, 0, 0, 0
2, 20, 0.43270358443260193, 0.47817572951316845, 0, 0, 1
9, 20, 0.9062094688415527, 0.0038469433784484863, 0, 0, 1
8, 20, 0.9195988774299622, 0.013389408588409313, 0, 0, 1
11, 20, 0.9116056561470032, 0.007993221282958984, 0, 0, 1
6, 20, 0.9111492037773132, 0.008449673652648926, 0, 0, 1
12, 20, 0.9095365405082703, 0.0016126632690429688, 0, 0, 1
29, 20, 0.9100111722946167, 0.0004746317863463245, 0, 0, 1
26, 20, 0.9125117063522339, 0.0025005340576170765, 0, 0, 1
21, 20, 0.9214536547660828, 0.008941948413848766, 0, 0, 1
13, 20, 0.910143256187439, 0.011310398578643799, 0, 0, 1
16, 20, 0.9144848585128784, 0.006968796253204346, 0, 0, 1
5, 20, 0.9138356447219849, 0.0076180100440979, 0, 0, 1
23, 20, 0.9197388887405396, 0.0059032440185547985, 0, 0, 1
19, 20, 0.9185953140258789, 0.0011435747146606445, 0, 0, 1
20, 20, 0.9161149859428406, 0.002480328083038219, 0, 0, 1
4, 20, 0.43012434244155884, 0.48599064350128174, 0, 0, 0
